"AriaId","AriaName","AriaOpera"
"2526","Dal_labro","Adr"
"2604","Dal_labro","Adr"
"2631","Dal_labro","Adr"
"2633","Dal_labro","Adr"
"2670","Dal_labro","Adr"
"2697","Dal_labro","Adr"
"2716","Dal_labro","Adr"
"2723","Dal_labro","Adr"
"2740","Dal_labro","Adr"
"2758","Dal_labro","Adr"
"2779","Dal_labro","Adr"
"2527","Gia_presso","Adr"
"2586","Gia_presso","Adr"
"2634","Gia_presso","Adr"
"2672","Gia_presso","Adr"
"2632","Gia_presso","Adr"
"2698","Gia_presso","Adr"
"2717","Gia_presso","Adr"
"2532","Sprezza_il","Adr"
"2587","Sprezza_il","Adr"
"2605","Sprezza_il","Adr"
"2630","Sprezza_il","Adr"
"2635","Sprezza_il","Adr"
"2671","Sprezza_il","Adr"
"2673","Sprezza_il","Adr"
"2699","Sprezza_il","Adr"
"2718","Sprezza_il","Adr"
"2724","Sprezza_il","Adr"
"2741","Sprezza_il","Adr"
"2759","Sprezza_il","Adr"
"2780","Sprezza_il","Adr"
"2533","Dopo_un","Adr"
"2650","Dopo_un","Adr"
"2674","Dopo_un","Adr"
"2725","Dopo_un","Adr"
"2742","Dopo_un","Adr"
"2761","Dopo_un","Adr"
"2781","Dopo_un","Adr"
"2534","E_vero","Adr"
"2629","E_vero","Adr"
"2651","E_vero","Adr"
"2675","E_vero","Adr"
"2726","E_vero","Adr"
"2782","E_vero","Adr"
"2535","Prigioniera_abbandonata","Adr"
"2590","Prigioniera_abbandonata","Adr"
"2606","Prigioniera_abbandonata","Adr"
"2628","Prigioniera_abbandonata","Adr"
"2648","Prigioniera_abbandonata","Adr"
"2652","Prigioniera_abbandonata","Adr"
"2676","Prigioniera_abbandonata","Adr"
"2700","Prigioniera_abbandonata","Adr"
"2719","Prigioniera_abbandonata","Adr"
"2727","Prigioniera_abbandonata","Adr"
"2743","Prigioniera_abbandonata","Adr"
"2760","Prigioniera_abbandonata","Adr"
"2783","Prigioniera_abbandonata","Adr"
"2536","Vuoi_punir","Adr"
"2592","Vuoi_punir","Adr"
"2607","Vuoi_punir","Adr"
"2627","Vuoi_punir","Adr"
"2649","Vuoi_punir","Adr"
"2653","Vuoi_punir","Adr"
"2677","Vuoi_punir","Adr"
"2721","Vuoi_punir","Adr"
"2728","Vuoi_punir","Adr"
"2744","Vuoi_punir","Adr"
"2762","Vuoi_punir","Adr"
"2784","Vuoi_punir","Adr"
"2537","Numi_se","Adr"
"2594","Numi_se","Adr"
"2626","Numi_se","Adr"
"2647","Numi_se","Adr"
"2654","Numi_se","Adr"
"2678","Numi_se","Adr"
"2701","Numi_se","Adr"
"2722","Numi_se","Adr"
"2729","Numi_se","Adr"
"2745","Numi_se","Adr"
"2763","Numi_se","Adr"
"2538","Se_non","Adr"
"2595","Se_non","Adr"
"2645","Se_non","Adr"
"2655","Se_non","Adr"
"2679","Se_non","Adr"
"2709","Se_non","Adr"
"2730","Se_non","Adr"
"2746","Se_non","Adr"
"2764","Se_non","Adr"
"2785","Se_non","Adr"
"2539","Infelice_invan","Adr"
"2596","Infelice_invan","Adr"
"2646","Infelice_invan","Adr"
"2656","Infelice_invan","Adr"
"2680","Infelice_invan","Adr"
"2747","Infelice_invan","Adr"
"2765","Infelice_invan","Adr"
"2786","Infelice_invan","Adr"
"2540","Per_te","Adr"
"2625","Per_te","Adr"
"2657","Per_te","Adr"
"2681","Per_te","Adr"
"2702","Per_te","Adr"
"2748","Per_te","Adr"
"2541","Ah_ingrato","Adr"
"2608","Ah_ingrato","Adr"
"2622","Ah_ingrato","Adr"
"2683","Ah_ingrato","Adr"
"2703","Ah_ingrato","Adr"
"2731","Ah_ingrato","Adr"
"2766","Ah_ingrato","Adr"
"2542","La_ragion","Adr"
"2619","La_ragion","Adr"
"2658","La_ragion","Adr"
"2684","La_ragion","Adr"
"2704","La_ragion","Adr"
"2749","La_ragion","Adr"
"2767","La_ragion","Adr"
"2543","Saggio_guerriero","Adr"
"2597","Saggio_guerriero","Adr"
"2609","Saggio_guerriero","Adr"
"2624","Saggio_guerriero","Adr"
"2643","Saggio_guerriero","Adr"
"2659","Saggio_guerriero","Adr"
"2682","Saggio_guerriero","Adr"
"2705","Saggio_guerriero","Adr"
"2732","Saggio_guerriero","Adr"
"2750","Saggio_guerriero","Adr"
"2768","Saggio_guerriero","Adr"
"2787","Saggio_guerriero","Adr"
"2720","Che_fa","Adr"
"2544","Volga_il","Adr"
"2598","Volga_il","Adr"
"2644","Volga_il","Adr"
"2660","Volga_il","Adr"
"2685","Volga_il","Adr"
"2706","Volga_il","Adr"
"2733","Volga_il","Adr"
"2788","Volga_il","Adr"
"2797","Per_cause","Adr"
"2545","Tutti_nemici","Adr"
"2610","Tutti_nemici","Adr"
"2623","Tutti_nemici","Adr"
"2642","Tutti_nemici","Adr"
"2661","Tutti_nemici","Adr"
"2686","Tutti_nemici","Adr"
"2707","Tutti_nemici","Adr"
"2734","Tutti_nemici","Adr"
"2751","Tutti_nemici","Adr"
"2769","Tutti_nemici","Adr"
"2546","Quell_amplesso","Adr"
"2611","Quell_amplesso","Adr"
"2621","Quell_amplesso","Adr"
"2640","Quell_amplesso","Adr"
"2662","Quell_amplesso","Adr"
"2687","Quell_amplesso","Adr"
"2708","Quell_amplesso","Adr"
"2735","Quell_amplesso","Adr"
"2770","Quell_amplesso","Adr"
"2547","Leon_piagato","Adr"
"2612","Leon_piagato","Adr"
"2620","Leon_piagato","Adr"
"2641","Leon_piagato","Adr"
"2688","Leon_piagato","Adr"
"2736","Leon_piagato","Adr"
"2771","Leon_piagato","Adr"
"2548","E_falso","Adr"
"2663","E_falso","Adr"
"2689","E_falso","Adr"
"2772","E_falso","Adr"
"2710","Digli_che","Adr"
"2549","Digli_che_un","Adr"
"2599","Digli_che_un","Adr"
"2613","Digli_che_un","Adr"
"2615","Digli_che_un","Adr"
"2664","Digli_che_un","Adr"
"2690","Digli_che_un","Adr"
"2737","Digli_che_un","Adr"
"2752","Digli_che_un","Adr"
"2773","Digli_che_un","Adr"
"2550","Piu_bella","Adr"
"2600","Piu_bella","Adr"
"2616","Piu_bella","Adr"
"2639","Piu_bella","Adr"
"2665","Piu_bella","Adr"
"2691","Piu_bella","Adr"
"2711","Piu_bella","Adr"
"2753","Piu_bella","Adr"
"2774","Piu_bella","Adr"
"2551","Barbaro_non","Adr"
"2601","Barbaro_non","Adr"
"2638","Barbaro_non","Adr"
"2666","Barbaro_non","Adr"
"2692","Barbaro_non","Adr"
"2712","Barbaro_non","Adr"
"2614","Barbaro_non","Adr"
"2754","Barbaro_non","Adr"
"2775","Barbaro_non","Adr"
"2552","Non_ritrova","Adr"
"2602","Non_ritrova","Adr"
"2713","Non_ritrova","Adr"
"2617","Non_ritrova","Adr"
"2636","Non_ritrova","Adr"
"2667","Non_ritrova","Adr"
"2694","Non_ritrova","Adr"
"2738","Non_ritrova","Adr"
"2755","Non_ritrova","Adr"
"2776","Non_ritrova","Adr"
"2553","Oh_dio","Adr"
"2637","Oh_dio","Adr"
"2668","Oh_dio","Adr"
"2693","Oh_dio","Adr"
"2714","Oh_dio","Adr"
"2739","Oh_dio","Adr"
"2756","Oh_dio","Adr"
"2777","Oh_dio","Adr"
"2588","Son_sventurato","Adr"
"2603","Son_sventurato","Adr"
"2618","Son_sventurato","Adr"
"2669","Son_sventurato","Adr"
"2695","Son_sventurato","Adr"
"2715","Son_sventurato","Adr"
"2757","Son_sventurato","Adr"
"2778","Son_sventurato","Adr"
"2554","E_ingrato","Adr"
"2696","E_ingrato","Adr"
"0635","E_prezzo","Ale"
"0958","E_prezzo","Ale"
"2282","E_prezzo","Ale"
"1262","E_prezzo","Ale"
"1034","E_prezzo","Ale"
"1084","E_prezzo","Ale"
"1341","E_prezzo","Ale"
"1311","E_prezzo","Ale"
"1053","E_prezzo","Ale"
"0999","E_prezzo","Ale"
"0668","E_prezzo","Ale"
"1386","E_prezzo","Ale"
"0833","E_prezzo","Ale"
"1188","E_prezzo","Ale"
"0799","E_prezzo","Ale"
"1109","E_prezzo","Ale"
"0870","E_prezzo","Ale"
"0636","Vedrai_con","Ale"
"0959","Vedrai_con","Ale"
"0721","Vedrai_con","Ale"
"1427","Vedrai_con","Ale"
"1263","Vedrai_con","Ale"
"1035","Vedrai_con","Ale"
"1125","Vedrai_con","Ale"
"1457","Vedrai_con","Ale"
"1419","Vedrai_con","Ale"
"0898","Vedrai_con","Ale"
"1342","Vedrai_con","Ale"
"1312","Vedrai_con","Ale"
"1054","Vedrai_con","Ale"
"1000","Vedrai_con","Ale"
"0669","Vedrai_con","Ale"
"0690","Vedrai_con","Ale"
"1479","Vedrai_con","Ale"
"1571","Vedrai_con","Ale"
"1316","Vedrai_con","Ale"
"1264","Vedrai_con","Ale"
"1431","Vedrai_con","Ale"
"1130","Vedrai_con","Ale"
"1189","Vedrai_con","Ale"
"0748","Vedrai_con","Ale"
"1301","Vedrai_con","Ale"
"0811","Vedrai_con","Ale"
"0982","Vedrai_con","Ale"
"1098","Vedrai_con","Ale"
"1072","Vedrai_con","Ale"
"1110","Vedrai_con","Ale"
"1018","Vedrai_con","Ale"
"0871","Vedrai_con","Ale"
"1753","Vedrai_con","Ale"
"0637","Vil_trofeo","Ale"
"0960","Vil_trofeo","Ale"
"0722","Vil_trofeo","Ale"
"1428","Vil_trofeo","Ale"
"2284","Vil_trofeo","Ale"
"1266","Vil_trofeo","Ale"
"1085","Vil_trofeo","Ale"
"1036","Vil_trofeo","Ale"
"1420","Vil_trofeo","Ale"
"0899","Vil_trofeo","Ale"
"1343","Vil_trofeo","Ale"
"1331","Vil_trofeo","Ale"
"1055","Vil_trofeo","Ale"
"1001","Vil_trofeo","Ale"
"0670","Vil_trofeo","Ale"
"0691","Vil_trofeo","Ale"
"1481","Vil_trofeo","Ale"
"1387","Vil_trofeo","Ale"
"1576","Vil_trofeo","Ale"
"0834","Vil_trofeo","Ale"
"1327","Vil_trofeo","Ale"
"1191","Vil_trofeo","Ale"
"1269","Vil_trofeo","Ale"
"1432","Vil_trofeo","Ale"
"1132","Vil_trofeo","Ale"
"1190","Vil_trofeo","Ale"
"0749","Vil_trofeo","Ale"
"1305","Vil_trofeo","Ale"
"1204","Vil_trofeo","Ale"
"0983","Vil_trofeo","Ale"
"1073","Vil_trofeo","Ale"
"1111","Vil_trofeo","Ale"
"1019","Vil_trofeo","Ale"
"0872","Vil_trofeo","Ale"
"1775","Vil_trofeo","Ale"
"0812","Non_trionfa","Ale"
"0638","Chi_vive","Ale"
"0961","Chi_vive","Ale"
"0723","Chi_vive","Ale"
"1254","Chi_vive","Ale"
"2288","Chi_vive","Ale"
"1267","Chi_vive","Ale"
"1086","Chi_vive","Ale"
"1037","Chi_vive","Ale"
"0900","Chi_vive","Ale"
"1344","Chi_vive","Ale"
"1291","Chi_vive","Ale"
"1056","Chi_vive","Ale"
"0671","Chi_vive","Ale"
"0692","Chi_vive","Ale"
"1490","Chi_vive","Ale"
"1393","Chi_vive","Ale"
"1388","Chi_vive","Ale"
"1572","Chi_vive","Ale"
"1134","Chi_vive","Ale"
"1299","Chi_vive","Ale"
"1433","Chi_vive","Ale"
"1192","Chi_vive","Ale"
"0750","Chi_vive","Ale"
"1306","Chi_vive","Ale"
"0813","Chi_vive","Ale"
"1205","Chi_vive","Ale"
"2422","Chi_vive","Ale"
"0984","Chi_vive","Ale"
"1074","Chi_vive","Ale"
"1112","Chi_vive","Ale"
"1020","Chi_vive","Ale"
"0873","Chi_vive","Ale"
"2246","Chi_vive","Ale"
"0639","O_sugli","Ale"
"2298","O_sugli","Ale"
"1139","O_sugli","Ale"
"0955","O_sugli","Ale"
"1349","O_sugli","Ale"
"1313","O_sugli","Ale"
"1057","O_sugli","Ale"
"0672","O_sugli","Ale"
"0693","O_sugli","Ale"
"1482","O_sugli","Ale"
"1394","O_sugli","Ale"
"1389","O_sugli","Ale"
"1578","O_sugli","Ale"
"0835","O_sugli","Ale"
"1328","O_sugli","Ale"
"1300","O_sugli","Ale"
"0751","O_sugli","Ale"
"1206","O_sugli","Ale"
"0646","Se_mai","Ale"
"0967","Se_mai","Ale"
"0731","Se_mai","Ale"
"1278","Se_mai","Ale"
"1133","Se_mai","Ale"
"1497","Se_mai","Ale"
"1170","Se_mai","Ale"
"0956","Se_mai","Ale"
"1369","Se_mai","Ale"
"1356","Se_mai","Ale"
"1006","Se_mai","Ale"
"0678","Se_mai","Ale"
"0697","Se_mai","Ale"
"1483","Se_mai","Ale"
"1397","Se_mai","Ale"
"1409","Se_mai","Ale"
"1608","Se_mai","Ale"
"0841","Se_mai","Ale"
"1353","Se_mai","Ale"
"1221","Se_mai","Ale"
"1303","Se_mai","Ale"
"1436","Se_mai","Ale"
"1143","Se_mai","Ale"
"1216","Se_mai","Ale"
"0755","Se_mai","Ale"
"1309","Se_mai","Ale"
"0817","Se_mai","Ale"
"0988","Se_mai","Ale"
"1102","Se_mai","Ale"
"1078","Se_mai","Ale"
"1115","Se_mai","Ale"
"1026","Se_mai","Ale"
"0876","Se_mai","Ale"
"0640","Se_mai","Ale"
"0962","Se_mai","Ale"
"0725","Se_mai","Ale"
"2287","Se_mai","Ale"
"1274","Se_mai","Ale"
"1039","Se_mai","Ale"
"1116","Se_mai","Ale"
"0901","Se_mai","Ale"
"1350","Se_mai","Ale"
"1292","Se_mai","Ale"
"1058","Se_mai","Ale"
"1002","Se_mai","Ale"
"0673","Se_mai","Ale"
"0694","Se_mai","Ale"
"1486","Se_mai","Ale"
"1395","Se_mai","Ale"
"1390","Se_mai","Ale"
"1575","Se_mai","Ale"
"0836","Se_mai","Ale"
"1317","Se_mai","Ale"
"1201","Se_mai","Ale"
"1434","Se_mai","Ale"
"1135","Se_mai","Ale"
"1217","Se_mai","Ale"
"0752","Se_mai","Ale"
"1307","Se_mai","Ale"
"0814","Se_mai","Ale"
"2393","Se_mai","Ale"
"0985","Se_mai","Ale"
"1100","Se_mai","Ale"
"1075","Se_mai","Ale"
"1113","Se_mai","Ale"
"1021","Se_mai","Ale"
"0874","Se_mai","Ale"
"0641","Se_mai","Ale"
"0963","Se_mai","Ale"
"0726","Se_mai","Ale"
"2289","Se_mai","Ale"
"1275","Se_mai","Ale"
"1040","Se_mai","Ale"
"1160","Se_mai","Ale"
"0914","Se_mai","Ale"
"1368","Se_mai","Ale"
"1293","Se_mai","Ale"
"1059","Se_mai","Ale"
"1003","Se_mai","Ale"
"0674","Se_mai","Ale"
"0695","Se_mai","Ale"
"1488","Se_mai","Ale"
"1406","Se_mai","Ale"
"1408","Se_mai","Ale"
"1579","Se_mai","Ale"
"0837","Se_mai","Ale"
"1352","Se_mai","Ale"
"1196","Se_mai","Ale"
"1302","Se_mai","Ale"
"1435","Se_mai","Ale"
"1138","Se_mai","Ale"
"1193","Se_mai","Ale"
"0753","Se_mai","Ale"
"1308","Se_mai","Ale"
"0815","Se_mai","Ale"
"1222","Se_mai","Ale"
"2423","Se_mai","Ale"
"0800","Se_mai","Ale"
"0986","Se_mai","Ale"
"1101","Se_mai","Ale"
"1076","Se_mai","Ale"
"1114","Se_mai","Ale"
"1022","Se_mai","Ale"
"0875","Se_mai","Ale"
"0642","Se_possono","Ale"
"0964","Se_possono","Ale"
"0727","Se_possono","Ale"
"2301","Se_possono","Ale"
"1276","Se_possono","Ale"
"1041","Se_possono","Ale"
"0902","Se_possono","Ale"
"1351","Se_possono","Ale"
"1060","Se_possono","Ale"
"1061","Se_possono","Ale"
"0675","Se_possono","Ale"
"1480","Se_possono","Ale"
"1407","Se_possono","Ale"
"1652","Se_possono","Ale"
"0838","Se_possono","Ale"
"1329","Se_possono","Ale"
"1439","Se_possono","Ale"
"1150","Se_possono","Ale"
"1709","Se_possono","Ale"
"1321","Se_possono","Ale"
"0990","Se_possono","Ale"
"1128","Se_possono","Ale"
"0879","Se_possono","Ale"
"0643","Compagni_nell","Ale"
"0965","Compagni_nell","Ale"
"1251","Compagni_nell","Ale"
"1255","Compagni_nell","Ale"
"2295","Compagni_nell","Ale"
"1169","Compagni_nell","Ale"
"1294","Compagni_nell","Ale"
"1062","Compagni_nell","Ale"
"0839","Compagni_nell","Ale"
"1023","Tu_sei","Ale"
"0644","Voi_che","Ale"
"0729","Voi_che","Ale"
"1277","Voi_che","Ale"
"1043","Voi_che","Ale"
"0903","Voi_che","Ale"
"1370","Voi_che","Ale"
"1063","Voi_che","Ale"
"0696","Voi_che","Ale"
"1491","Voi_che","Ale"
"1398","Voi_che","Ale"
"1412","Voi_che","Ale"
"1580","Voi_che","Ale"
"1141","Voi_che","Ale"
"1437","Voi_che","Ale"
"0754","Voi_che","Ale"
"1223","Voi_che","Ale"
"1024","Come_minganno","Ale"
"1027","Io_partiro","Ale"
"1028","Son_prigionier","Ale"
"1032","Perche_co","Ale"
"1033","Nel_lasciarti","Ale"
"1065","E_maggiore","Ale"
"1066","Vanne_piu","Ale"
"1067","Solo_ascolto","Ale"
"0997","Voi_che_splendete","Ale"
"1268","Se_la","Ale"
"0645","Se_amore","Ale"
"0966","Se_amore","Ale"
"0730","Se_amore","Ale"
"2294","Se_amore","Ale"
"1044","Se_amore","Ale"
"1087","Se_amore","Ale"
"1421","Se_amore","Ale"
"0904","Se_amore","Ale"
"1371","Se_amore","Ale"
"1064","Se_amore","Ale"
"1005","Se_amore","Ale"
"0677","Se_amore","Ale"
"1399","Se_amore","Ale"
"0840","Se_amore","Ale"
"1142","Se_amore","Ale"
"1025","Se_amore","Ale"
"1705","Se_amore","Ale"
"0647","Non_sarei","Ale"
"1046","Non_sarei","Ale"
"1089","Non_sarei","Ale"
"1396","Non_sarei","Ale"
"0913","Non_sarei","Ale"
"1008","Non_sarei","Ale"
"0680","Non_sarei","Ale"
"1492","Non_sarei","Ale"
"1410","Non_sarei","Ale"
"0842","Non_sarei","Ale"
"1346","Non_sarei","Ale"
"1438","Non_sarei","Ale"
"1149","Non_sarei","Ale"
"1195","Non_sarei","Ale"
"0757","Non_sarei","Ale"
"1310","Non_sarei","Ale"
"0818","Non_sarei","Ale"
"1224","Non_sarei","Ale"
"0989","Non_sarei","Ale"
"1099","Non_sarei","Ale"
"1079","Non_sarei","Ale"
"1121","Non_sarei","Ale"
"0878","Non_sarei","Ale"
"1239","Non_sarei","Ale"
"0648","Senza_procelle","Ale"
"0970","Senza_procelle","Ale"
"2299","Senza_procelle","Ale"
"1129","Senza_procelle","Ale"
"1171","Senza_procelle","Ale"
"1244","Senza_procelle","Ale"
"1357","Senza_procelle","Ale"
"0905","Senza_procelle","Ale"
"1332","Senza_procelle","Ale"
"0698","Senza_procelle","Ale"
"1484","Senza_procelle","Ale"
"1304","Senza_procelle","Ale"
"2300","Sommi_dei","Ale"
"0649","Dun_barbaro","Ale"
"0968","Dun_barbaro","Ale"
"1048","Dun_barbaro","Ale"
"1090","Dun_barbaro","Ale"
"1372","Dun_barbaro","Ale"
"1333","Dun_barbaro","Ale"
"1358","Dun_barbaro","Ale"
"0650","Digli_che","Ale"
"0969","Digli_che","Ale"
"0735","Digli_che","Ale"
"1248","Digli_che","Ale"
"2303","Digli_che","Ale"
"1279","Digli_che","Ale"
"1049","Digli_che","Ale"
"1117","Digli_che","Ale"
"0915","Digli_che","Ale"
"1373","Digli_che","Ale"
"1295","Digli_che","Ale"
"1011","Digli_che","Ale"
"0682","Digli_che","Ale"
"0709","Digli_che","Ale"
"1487","Digli_che","Ale"
"1400","Digli_che","Ale"
"1413","Digli_che","Ale"
"1253","Digli_che","Ale"
"0844","Digli_che","Ale"
"1318","Digli_che","Ale"
"1440","Digli_che","Ale"
"1151","Digli_che","Ale"
"1194","Digli_che","Ale"
"0758","Digli_che","Ale"
"1422","Digli_che","Ale"
"1322","Digli_che","Ale"
"0820","Digli_che","Ale"
"0802","Digli_che","Ale"
"0992","Digli_che","Ale"
"1119","Digli_che","Ale"
"1081","Digli_che","Ale"
"1122","Digli_che","Ale"
"0651","Destrier_che","Ale"
"1247","Destrier_che","Ale"
"1280","Destrier_che","Ale"
"1050","Destrier_che","Ale"
"1734","Destrier_che","Ale"
"1155","Destrier_che","Ale"
"1423","Destrier_che","Ale"
"0906","Destrier_che","Ale"
"1374","Destrier_che","Ale"
"1713","Destrier_che","Ale"
"1012","Destrier_che","Ale"
"0683","Destrier_che","Ale"
"0710","Destrier_che","Ale"
"1493","Destrier_che","Ale"
"1411","Destrier_che","Ale"
"1581","Destrier_che","Ale"
"0845","Destrier_che","Ale"
"1339","Destrier_che","Ale"
"1197","Destrier_che","Ale"
"1315","Destrier_che","Ale"
"1441","Destrier_che","Ale"
"1198","Destrier_che","Ale"
"0759","Destrier_che","Ale"
"1323","Destrier_che","Ale"
"0821","Destrier_che","Ale"
"1203","Destrier_che","Ale"
"0807","Destrier_che","Ale"
"0994","Destrier_che","Ale"
"1706","Destrier_che","Ale"
"0652","E_ver","Ale"
"0736","E_ver","Ale"
"2304","E_ver","Ale"
"1051","E_ver","Ale"
"1153","E_ver","Ale"
"1375","E_ver","Ale"
"1347","E_ver","Ale"
"1013","E_ver","Ale"
"1733","E_ver","Ale"
"1414","E_ver","Ale"
"0822","E_ver","Ale"
"1103","E_ver","Ale"
"1082","E_ver","Ale"
"0653","Se_e","Ale"
"0737","Se_e","Ale"
"1249","Se_e","Ale"
"1270","Se_e","Ale"
"2315","Se_e","Ale"
"0700","Se_e","Ale"
"1052","Se_e","Ale"
"1091","Se_e","Ale"
"0907","Se_e","Ale"
"1376","Se_e","Ale"
"0711","Se_e","Ale"
"1485","Se_e","Ale"
"1401","Se_e","Ale"
"1425","Se_e","Ale"
"1609","Se_e","Ale"
"0846","Se_e","Ale"
"1354","Se_e","Ale"
"1464","Se_e","Ale"
"1442","Se_e","Ale"
"1152","Se_e","Ale"
"1199","Se_e","Ale"
"0760","Se_e","Ale"
"1324","Se_e","Ale"
"0824","Se_e","Ale"
"1225","Se_e","Ale"
"0995","Se_e","Ale"
"0654","Se_il","Ale"
"0971","Se_il","Ale"
"1038","Se_il","Ale"
"1377","Se_il","Ale"
"0712","Se_il","Ale"
"1610","Se_il","Ale"
"0847","Se_il","Ale"
"1319","Se_il","Ale"
"1450","Se_il","Ale"
"1156","Se_il","Ale"
"1218","Se_il","Ale"
"0761","Se_il","Ale"
"0825","Se_il","Ale"
"1083","Se_il","Ale"
"1031","Se_il","Ale"
"0883","Se_il","Ale"
"0655","Se_viver","Ale"
"0972","Se_viver","Ale"
"1271","Se_viver","Ale"
"2333","Se_viver","Ale"
"2309","Se_viver","Ale"
"1281","Se_viver","Ale"
"1042","Se_viver","Ale"
"1245","Se_viver","Ale"
"0908","Se_viver","Ale"
"1378","Se_viver","Ale"
"1314","Se_viver","Ale"
"0713","Se_viver","Ale"
"1426","Se_viver","Ale"
"1612","Se_viver","Ale"
"1320","Se_viver","Ale"
"1157","Se_viver","Ale"
"1200","Se_viver","Ale"
"1711","Se_viver","Ale"
"0656","Di_rendermi","Ale"
"0973","Di_rendermi","Ale"
"1256","Di_rendermi","Ale"
"2311","Di_rendermi","Ale"
"1282","Di_rendermi","Ale"
"1096","Di_rendermi","Ale"
"0916","Di_rendermi","Ale"
"1379","Di_rendermi","Ale"
"1296","Di_rendermi","Ale"
"0714","Di_rendermi","Ale"
"1451","Di_rendermi","Ale"
"0848","Di_rendermi","Ale"
"1348","Di_rendermi","Ale"
"1118","Di_rendermi","Ale"
"0657","Risveglia_lo","Ale"
"0974","Risveglia_lo","Ale"
"1123","Risveglia_lo","Ale"
"0658","Se_troppo","Ale"
"0975","Se_troppo","Ale"
"0742","Se_troppo","Ale"
"1272","Se_troppo","Ale"
"2313","Se_troppo","Ale"
"1124","Se_troppo","Ale"
"1154","Se_troppo","Ale"
"1424","Se_troppo","Ale"
"1380","Se_troppo","Ale"
"1297","Se_troppo","Ale"
"1015","Se_troppo","Ale"
"1712","Se_troppo","Ale"
"0702","Se_troppo","Ale"
"0715","Se_troppo","Ale"
"1489","Se_troppo","Ale"
"1458","Se_troppo","Ale"
"1613","Se_troppo","Ale"
"0849","Se_troppo","Ale"
"1415","Se_troppo","Ale"
"1453","Se_troppo","Ale"
"1202","Se_troppo","Ale"
"0826","Se_troppo","Ale"
"0804","Se_troppo","Ale"
"1774","Se_troppo","Ale"
"0659","Come_il","Ale"
"0976","Come_il","Ale"
"1097","Come_il","Ale"
"1494","Come_il","Ale"
"0827","Come_il","Ale"
"0660","Serbati_a","Ale"
"0977","Serbati_a","Ale"
"1273","Serbati_a","Ale"
"2314","Serbati_a","Ale"
"1126","Serbati_a","Ale"
"1092","Serbati_a","Ale"
"1381","Serbati_a","Ale"
"1334","Serbati_a","Ale"
"1016","Serbati_a","Ale"
"0703","Serbati_a","Ale"
"0719","Serbati_a","Ale"
"1495","Serbati_a","Ale"
"1459","Serbati_a","Ale"
"1416","Serbati_a","Ale"
"1454","Serbati_a","Ale"
"1158","Serbati_a","Ale"
"0762","Serbati_a","Ale"
"1325","Serbati_a","Ale"
"0828","Serbati_a","Ale"
"0805","Serbati_a","Ale"
"1250","Finche_rimango","Ale"
"1392","Finche_rimango","Ale"
"2319","Finche_rimango","Ale"
"1283","Finche_rimango","Ale"
"1137","Finche_rimango","Ale"
"1127","Finche_rimango","Ale"
"0957","Finche_rimango","Ale"
"0704","Finche_rimango","Ale"
"0716","Finche_rimango","Ale"
"1355","Finche_rimango","Ale"
"1417","Finche_rimango","Ale"
"1455","Finche_rimango","Ale"
"1219","Finche_rimango","Ale"
"1029","Finche_rimango","Ale"
"0661","Dove_si","Ale"
"0978","Dove_si","Ale"
"0746","Dove_si","Ale"
"1429","Dove_si","Ale"
"2320","Dove_si","Ale"
"1284","Dove_si","Ale"
"1140","Dove_si","Ale"
"1093","Dove_si","Ale"
"0910","Dove_si","Ale"
"1382","Dove_si","Ale"
"1335","Dove_si","Ale"
"1068","Dove_si","Ale"
"1017","Dove_si","Ale"
"0705","Dove_si","Ale"
"0717","Dove_si","Ale"
"1460","Dove_si","Ale"
"1611","Dove_si","Ale"
"1345","Dove_si","Ale"
"1456","Dove_si","Ale"
"1163","Dove_si","Ale"
"1220","Dove_si","Ale"
"0763","Dove_si","Ale"
"1326","Dove_si","Ale"
"0829","Dove_si","Ale"
"1233","Dove_si","Ale"
"0998","Dove_si","Ale"
"0884","Dove_si","Ale"
"0662","Mio_ben","Ale"
"0979","Mio_ben","Ale"
"1257","Mio_ben","Ale"
"1258","Mio_ben","Ale"
"2330","Mio_ben","Ale"
"0706","Mio_ben","Ale"
"1136","Mio_ben","Ale"
"1094","Mio_ben","Ale"
"0911","Mio_ben","Ale"
"1383","Mio_ben","Ale"
"1336","Mio_ben","Ale"
"1069","Mio_ben","Ale"
"0699","Mio_ben","Ale"
"1465","Mio_ben","Ale"
"0852","Mio_ben","Ale"
"1164","Mio_ben","Ale"
"1430","Mio_ben","Ale"
"0764","Mio_ben","Ale"
"0830","Mio_ben","Ale"
"1234","Mio_ben","Ale"
"0806","Mio_ben","Ale"
"1120","Mio_ben","Ale"
"0663","Son_confusa","Ale"
"0980","Son_confusa","Ale"
"1252","Son_confusa","Ale"
"2331","Son_confusa","Ale"
"1285","Son_confusa","Ale"
"1131","Son_confusa","Ale"
"1095","Son_confusa","Ale"
"1359","Son_confusa","Ale"
"0912","Son_confusa","Ale"
"1384","Son_confusa","Ale"
"1337","Son_confusa","Ale"
"1070","Son_confusa","Ale"
"0707","Son_confusa","Ale"
"0718","Son_confusa","Ale"
"1391","Son_confusa","Ale"
"1616","Son_confusa","Ale"
"0853","Son_confusa","Ale"
"1340","Son_confusa","Ale"
"1418","Son_confusa","Ale"
"0765","Son_confusa","Ale"
"0664","Ombra_dell","Ale"
"1108","Ombra_dell","Ale"
"1385","Ombra_dell","Ale"
"1298","Ombra_dell","Ale"
"1071","Ombra_dell","Ale"
"0708","Ombra_dell","Ale"
"0854","Ombra_dell","Ale"
"0766","Ombra_dell","Ale"
"1338","Ombra_dell","Ale"
"1235","Ombra_dell","Ale"
"0885","Ombra_dell","Ale"
"0720","Che_sorte","Ale"
"0724","Sappresti_omai","Ale"
"0728","Vuoi_saper","Ale"
"0732","Appena_amore","Ale"
"0733","Generoso_resvegliarti","Ale"
"0734","Se_trova","Ale"
"0738","Spera_si","Ale"
"0739","Se_costa","Ale"
"0740","Son_qual","Ale"
"0741","Pupillette_vezzosette","Ale"
"0743","Non_e","Ale"
"0744","Cervo_al","Ale"
"0747","Perder_lamato","Ale"
"1088","Quando_tu","Ale"
"0701","Il_regno","Ale"
"0897","Ah_se_al","Ale"
"0918","Se_bastano","Ale"
"0917","Perduto_ho","Ale"
"0909","Taci_ormai","Ale"
"1004","Saria_tormento","Ale"
"1007","Scordati_dun","Ale"
"1009","Nel_mio","Ale"
"1010","Dallorror_dallo","Ale"
"1014","Del_mio_sposo","Ale"
"0676","Non_va","Ale"
"0679","Frangi_la","Ale"
"0756","Frangi_la","Ale"
"0681","Se_vuol","Ale"
"0877b","Superbo_beato","Ale"
"0877a","Superbo_beato","Ale"
"0880","Paventa_del","Ale"
"0881","Tutto_del","Ale"
"0882","A_tua","Ale"
"0801","Sull_immortal","Ale"
"0803","Pensa_cha","Ale"
"0843","Oh_dio_la","Ale"
"0850","Non_so_donde","Ale"
"0851","Trafiggero_quel","Ale"
"0816","Sperai_vicino","Ale"
"0819","Non_merta","Ale"
"0823","Ah_che_mancar","Adr"
"0987","Se_quell","Ale"
"0991","Io_veggo","Ale"
"0993","Non_paventi","Ale"
"0996","Tuona_il","Ale"
"1077","Non_sprezzi","Ale"
"1080","Non_so_frenare","Ale"
"1030","Barbaro_discortese","Ale"
"2047","Conservati_fedele","Art"
"1946","Conservati_fedele","Art"
"2200","Conservati_fedele","Art"
"2112","Conservati_fedele","Art"
"2006","Conservati_fedele","Art"
"2570","Conservati_fedele","Art"
"2491","Conservati_fedele","Art"
"2151","Conservati_fedele","Art"
"1714","Conservati_fedele","Art"
"2120","Conservati_fedele","Art"
"1721","Conservati_fedele","Art"
"2496","Conservati_fedele","Art"
"2394","Conservati_fedele","Art"
"2391","Conservati_fedele","Art"
"2365","Conservati_fedele","Art"
"2116","Conservati_fedele","Art"
"2439","Conservati_fedele","Art"
"2041","Conservati_fedele","Art"
"2296","Conservati_fedele","Art"
"2262","Conservati_fedele","Art"
"2281","Conservati_fedele","Art"
"2344","Conservati_fedele","Art"
"2459","Conservati_fedele","Art"
"2523","Conservati_fedele","Art"
"2242","Conservati_fedele","Art"
"2502","Conservati_fedele","Art"
"2154","Conservati_fedele","Art"
"2427","Conservati_fedele","Art"
"2477","Conservati_fedele","Art"
"2555","Conservati_fedele","Art"
"2276","Conservati_fedele","Art"
"2034","Fra_cento","Art"
"1949","Fra_cento","Art"
"2037","Fra_cento","Art"
"2219","Fra_cento","Art"
"2571","Fra_cento","Art"
"2009","Fra_cento","Art"
"2070","Fra_cento","Art"
"1939","Fra_cento","Art"
"2223","Fra_cento","Art"
"2498","Fra_cento","Art"
"2359","Fra_cento","Art"
"2395","Fra_cento","Art"
"2366","Fra_cento","Art"
"2285","Fra_cento","Art"
"2118","Fra_cento","Art"
"2355","Fra_cento","Art"
"2440","Fra_cento","Art"
"2052","Fra_cento","Art"
"2364","Fra_cento","Art"
"2347","Fra_cento","Art"
"2460","Fra_cento","Art"
"2271","Fra_cento","Art"
"2503","Fra_cento","Art"
"2257","Fra_cento","Art"
"2144","Fra_cento","Art"
"2428","Fra_cento","Art"
"2478","Fra_cento","Art"
"2556","Fra_cento","Art"
"1950","Su_le","Art"
"2572","Su_le","Art"
"2023","Su_le","Art"
"2160","Su_le","Art"
"1935","Su_le","Art"
"2373","Su_le","Art"
"2290","Su_le","Art"
"2441","Su_le","Art"
"2389","Su_le","Art"
"2351","Su_le","Art"
"2461","Su_le","Art"
"2504","Su_le","Art"
"2229","Su_le","Art"
"2187","Su_le","Art"
"2429","Su_le","Art"
"2557","Su_le","Art"
"2456","Su_le","Art"
"2039","Per_pieta","Art"
"1948","Per_pieta","Art"
"2403","Per_pieta","Art"
"2343","Per_pieta","Art"
"2256","Per_pieta","Art"
"2132","Per_pieta","Art"
"2221","Per_pieta","Art"
"2267","Per_pieta","Art"
"2060","Per_pieta_bell","Art"
"2573","Per_pieta_bell","Art"
"2136","Per_pieta_bell","Art"
"2152","Per_pieta_bell","Art"
"1716","Per_pieta_bell","Art"
"2098","Per_pieta_bell","Art"
"1722","Per_pieta_bell","Art"
"2374","Per_pieta_bell","Art"
"2286","Per_pieta_bell","Art"
"2121","Per_pieta_bell","Art"
"2332","Per_pieta_bell","Art"
"2056","Per_pieta_bell","Art"
"2297","Per_pieta_bell","Art"
"2291","Deh_respirar","Art"
"2042","Sogna_il","Art"
"1962","Sogna_il","Art"
"2049","Sogna_il","Art"
"2574","Sogna_il","Art"
"2018","Sogna_il","Art"
"1936","Sogna_il","Art"
"2404","Sogna_il","Art"
"2396","Sogna_il","Art"
"2338","Sogna_il","Art"
"2127","Sogna_il","Art"
"2800","Sogna_il","Art"
"2065","Sogna_il","Art"
"2424","Sogna_il","Art"
"2462","Sogna_il","Art"
"2505","Sogna_il","Art"
"2238","Sogna_il","Art"
"2479","Sogna_il","Art"
"2558","Sogna_il","Art"
"2457","Sogna_il","Art"
"2046","Bramar_di","Art"
"1951","Bramar_di","Art"
"2064","Bramar_di","Art"
"2218","Bramar_di","Art"
"2139","Bramar_di","Art"
"2166","Bramar_di","Art"
"2020","Bramar_di","Art"
"2058","Bramar_di","Art"
"1940","Bramar_di","Art"
"2501","Bramar_di","Art"
"2405","Bramar_di","Art"
"2382","Bramar_di","Art"
"2302","Bramar_di","Art"
"2323","Bramar_di","Art"
"2801","Bramar_di","Art"
"2442","Bramar_di","Art"
"2062","Bramar_di","Art"
"2305","Bramar_di","Art"
"2367","Bramar_di","Art"
"2463","Bramar_di","Art"
"2524","Bramar_di","Art"
"2506","Bramar_di","Art"
"2131","Bramar_di","Art"
"2430","Bramar_di","Art"
"2480","Bramar_di","Art"
"2559","Bramar_di","Art"
"1958","Deh_respirar","Art"
"2053","Deh_respirar","Art"
"2003","Deh_respirar","Art"
"2492","Deh_respirar","Art"
"2122","Deh_respirar","Art"
"1934","Deh_respirar","Art"
"2406","Deh_respirar","Art"
"2494","Deh_respirar","Art"
"2128","Deh_respirar","Art"
"2799","Deh_respirar","Art"
"2443","Deh_respirar","Art"
"2067","Deh_respirar","Art"
"2464","Deh_respirar","Art"
"2525","Deh_respirar","Art"
"2507","Deh_respirar","Art"
"2202","Deh_respirar","Art"
"2431","Deh_respirar","Art"
"2384","Deh_respirar","Art"
"2481","Deh_respirar","Art"
"2048","Non_ti","Art"
"1952","Non_ti","Art"
"2083","Non_ti","Art"
"2004","Non_ti","Art"
"2028","Non_ti","Art"
"1943","Non_ti","Art"
"2250","Non_ti","Art"
"2292","Non_ti","Art"
"2495","Non_ti","Art"
"2129","Non_ti","Art"
"2798","Non_ti","Art"
"2068","Non_ti","Art"
"2346","Non_ti","Art"
"2197","Non_ti","Art"
"2482","Non_ti","Art"
"2075","Torna_innocente","Art"
"1953","Torna_innocente","Art"
"2073","Torna_innocente","Art"
"2001","Torna_innocente","Art"
"2135","Torna_innocente","Art"
"2036","Torna_innocente","Art"
"1937","Torna_innocente","Art"
"2407","Torna_innocente","Art"
"2130","Torna_innocente","Art"
"2270","Torna_innocente","Art"
"2203","Torna_innocente","Art"
"1966","Dimmi_che","Art"
"2094","Dimmi_che","Art"
"2033","Dimmi_che","Art"
"1933","Dimmi_che","Art"
"2408","Dimmi_che","Art"
"2293","Dimmi_che","Art"
"2353","Dimmi_che","Art"
"2444","Dimmi_che","Art"
"2072","Dimmi_che","Art"
"1993","Vo_solcando","Art"
"2040","Vo_solcando","Art"
"2190","Vo_solcando","Art"
"2123","Vo_solcando","Art"
"1942","Vo_solcando","Art"
"2326","Vo_solcando","Art"
"2446","Vo_solcando","Art"
"2077","Vo_solcando","Art"
"2198","Vo_solcando","Art"
"2348","Vo_solcando","Art"
"2078","Rendimi_il","Art"
"1982","Rendimi_il","Art"
"2057","Rendimi_il","Art"
"2576","Rendimi_il","Art"
"2017","Rendimi_il","Art"
"2117","Rendimi_il","Art"
"2383","Rendimi_il","Art"
"2327","Rendimi_il","Art"
"2795","Rendimi_il","Art"
"2324","Rendimi_il","Art"
"2466","Rendimi_il","Art"
"2509","Rendimi_il","Art"
"2283","Rendimi_il","Art"
"2156","Rendimi_il","Art"
"2518","Rendimi_il","Art"
"2433","Rendimi_il","Art"
"2483","Rendimi_il","Art"
"2561","Rendimi_il","Art"
"1967","Mi_scacci","Art"
"2092","Mi_scacci","Art"
"1941","Mi_scacci","Art"
"2517","Mi_scacci","Art"
"2410","Mi_scacci","Art"
"2398","Mi_scacci","Art"
"2339","Mi_scacci","Art"
"2134","Mi_scacci","Art"
"2354","Mi_scacci","Art"
"2467","Mi_scacci","Art"
"2497","Mi_scacci","Art"
"2239","Mi_scacci","Art"
"2080","Amalo_e","Art"
"2007","Amalo_e","Art"
"2022","Amalo_e","Art"
"2013","Amalo_e","Art"
"2158","Amalo_e","Art"
"2445","Amalo_e","Art"
"2084","Amalo_e","Art"
"2350","Amalo_e","Art"
"2510","Amalo_e","Art"
"2434","Amalo_e","Art"
"2089","Non_temer","Art"
"1971","Non_temer","Art"
"2417","Non_temer","Art"
"2357","Non_temer","Art"
"2157","Non_temer","Art"
"2435","Non_temer","Art"
"2061","Non_temer_chio","Art"
"2577","Non_temer_chio","Art"
"2014","Non_temer_chio","Art"
"1938","Non_temer_chio","Art"
"2138","Non_temer_chio","Art"
"2447","Non_temer_chio","Art"
"2081","Non_temer_chio","Art"
"2342","Non_temer_chio","Art"
"2511","Non_temer_chio","Art"
"2228","Non_temer_chio","Art"
"2484","Non_temer_chio","Art"
"2063","Se_dun","Art"
"1977","Se_dun","Art"
"2106","Se_dun","Art"
"2015","Se_dun","Art"
"2241","Se_dun","Art"
"2490","Se_dun","Art"
"2192","Se_dun","Art"
"2164","Se_dun","Art"
"1947","Se_dun","Art"
"2418","Se_dun","Art"
"2399","Se_dun","Art"
"2308","Se_dun","Art"
"2140","Se_dun","Art"
"2356","Se_dun","Art"
"2796","Se_dun","Art"
"2360","Se_dun","Art"
"2468","Se_dun","Art"
"2512","Se_dun","Art"
"2232","Se_dun","Art"
"2188","Se_dun","Art"
"2066","Se_del","Art"
"1980","Se_del","Art"
"2074","Se_del","Art"
"2019","Se_del","Art"
"1944","Se_del","Art"
"2419","Se_del","Art"
"2306","Se_del","Art"
"2142","Se_del","Art"
"2790","Se_del","Art"
"2086","Se_del","Art"
"2363","Se_del","Art"
"2469","Se_del","Art"
"2513","Se_del","Art"
"2245","Se_del","Art"
"2137","Se_del","Art"
"2520","Se_del","Art"
"2436","Se_del","Art"
"2485","Se_del","Art"
"2562","Se_del","Art"
"2194","Se_del","Art"
"2010","Per_quel","Art"
"2266","Per_quel","Art"
"2578","Per_quel","Art"
"2141","Per_quel","Art"
"2171","Per_quel","Art"
"2493","Per_quel","Art"
"2193","Per_quel","Art"
"2021","Per_quel","Art"
"2099","Per_quel","Art"
"1945","Per_quel","Art"
"2222","Per_quel","Art"
"2500","Per_quel","Art"
"2401","Per_quel","Art"
"2307","Per_quel","Art"
"2146","Per_quel","Art"
"2589","Per_quel","Art"
"2791","Per_quel","Art"
"2448","Per_quel","Art"
"2090","Per_quel","Art"
"2372","Per_quel","Art"
"2369","Per_quel","Art"
"2470","Per_quel","Art"
"2345","Per_quel","Art"
"2186","Per_quel","Art"
"2521","Per_quel","Art"
"2437","Per_quel","Art"
"2385","Per_quel","Art"
"2486","Per_quel","Art"
"2563","Per_quel","Art"
"2220","Per_quel","Art"
"2069","Va_tra","Art"
"1984","Va_tra","Art"
"2097","Va_tra","Art"
"2027","Va_tra","Art"
"2579","Va_tra","Art"
"2201","Va_tra","Art"
"2024","Va_tra","Art"
"2085","Va_tra","Art"
"1961","Va_tra","Art"
"2400","Va_tra","Art"
"2310","Va_tra","Art"
"2147","Va_tra","Art"
"2368","Va_tra","Art"
"2792","Va_tra","Art"
"2449","Va_tra","Art"
"2096","Va_tra","Art"
"2352","Va_tra","Art"
"2471","Va_tra","Art"
"2255","Va_tra","Art"
"2145","Va_tra","Art"
"2522","Va_tra","Art"
"2386","Va_tra","Art"
"2487","Va_tra","Art"
"2564","Va_tra","Art"
"1990","Per_quell","Art"
"2169","Per_quell","Art"
"2340","Per_quell","Art"
"2450","Per_quell","Art"
"2100","Per_quell","Art"
"1991","Non_conosco","Art"
"2026","Non_conosco","Art"
"1956","Non_conosco","Art"
"2149","Non_conosco","Art"
"2379","Non_conosco","Art"
"2472","Non_conosco","Art"
"2032","Cosi_stupisce","Art"
"2091","Cosi_stupisce","Art"
"2254","Cosi_stupisce","Art"
"2580","Cosi_stupisce","Art"
"2035","Cosi_stupisce","Art"
"1965","Cosi_stupisce","Art"
"2420","Cosi_stupisce","Art"
"2402","Cosi_stupisce","Art"
"2328","Cosi_stupisce","Art"
"2159","Cosi_stupisce","Art"
"2591","Cosi_stupisce","Art"
"2452","Cosi_stupisce","Art"
"2102","Cosi_stupisce","Art"
"2415","Cosi_stupisce","Art"
"2274","Cosi_stupisce","Art"
"2177","Cosi_stupisce","Art"
"2565","Cosi_stupisce","Art"
"2025","Perche_tarda","Art"
"2043","Perche_tarda","Art"
"1963","Perche_tarda","Art"
"2101","Perche_tarda","Art"
"2378","Perche_tarda","Art"
"2473","Perche_tarda","Art"
"2397","Perche_tarda","Art"
"2029","Londa_dal","Art"
"2044","Londa_dal","Art"
"2489","Londa_dal","Art"
"2196","Londa_dal","Art"
"2030","Londa_dal","Art"
"2168","Londa_dal","Art"
"2409","Londa_dal","Art"
"2161","Londa_dal","Art"
"2789","Londa_dal","Art"
"2104","Londa_dal","Art"
"2012","Nuvoletta_opposta","Art"
"2205","Nuvoletta_opposta","Art"
"2031","Nuvoletta_opposta","Art"
"2174","Nuvoletta_opposta","Art"
"1968","Nuvoletta_opposta","Art"
"2329","Nuvoletta_opposta","Art"
"2380","Nuvoletta_opposta","Art"
"2111","Nuvoletta_opposta","Art"
"2416","Nuvoletta_opposta","Art"
"2371","Nuvoletta_opposta","Art"
"2258","Nuvoletta_opposta","Art"
"2566","Nuvoletta_opposta","Art"
"2002","Ardito_ti","Art"
"2045","Ardito_ti","Art"
"1978","Ardito_ti","Art"
"2341","Ardito_ti","Art"
"2388","Ardito_ti","Art"
"2108","Figlio_se","Art"
"1999","Figlio_se","Art"
"2260","Figlio_se","Art"
"2582","Figlio_se","Art"
"2038","Figlio_se","Art"
"2179","Figlio_se","Art"
"1985","Figlio_se","Art"
"2349","Figlio_se","Art"
"2411","Figlio_se","Art"
"2318","Figlio_se","Art"
"2162","Figlio_se","Art"
"2390","Figlio_se","Art"
"2110","Figlio_se","Art"
"2358","Figlio_se","Art"
"2376","Figlio_se","Art"
"2474","Figlio_se","Art"
"2515","Figlio_se","Art"
"2269","Figlio_se","Art"
"2150","Figlio_se","Art"
"2387","Figlio_se","Art"
"2567","Figlio_se","Art"
"2082","Mi_credi","Art"
"1992","Mi_credi","Art"
"2103","Mi_credi","Art"
"2005","Mi_credi","Art"
"2583","Mi_credi","Art"
"2143","Mi_credi","Art"
"2312","Mi_credi","Art"
"2054","Mi_credi","Art"
"2115","Mi_credi","Art"
"1981","Mi_credi","Art"
"2361","Mi_credi","Art"
"2421","Mi_credi","Art"
"2412","Mi_credi","Art"
"2335","Mi_credi","Art"
"2163","Mi_credi","Art"
"2392","Mi_credi","Art"
"2453","Mi_credi","Art"
"2475","Mi_credi","Art"
"2263","Mi_credi","Art"
"2153","Mi_credi","Art"
"2568","Mi_credi","Art"
"2088","Non_e","Art"
"1998","Non_e","Art"
"2079","Non_e","Art"
"2584","Non_e","Art"
"2225","Non_e","Art"
"2211","Non_e","Art"
"2237","Non_e","Art"
"1989","Non_e","Art"
"2362","Non_e","Art"
"2413","Non_e","Art"
"2336","Non_e","Art"
"2165","Non_e","Art"
"2454","Non_e","Art"
"2107","Non_e","Art"
"2235","Non_e","Art"
"2569","Non_e","Art"
"2105","Tu_vuoi","Art"
"1996","Tu_vuoi","Art"
"2126","Tu_vuoi","Art"
"2272","Tu_vuoi","Art"
"2585","Tu_vuoi","Art"
"2148","Tu_vuoi","Art"
"2050","Tu_vuoi","Art"
"2233","Tu_vuoi","Art"
"1994","Tu_vuoi","Art"
"2488","Tu_vuoi","Art"
"2414","Tu_vuoi","Art"
"2337","Tu_vuoi","Art"
"2167","Tu_vuoi","Art"
"2593","Tu_vuoi","Art"
"2455","Tu_vuoi","Art"
"2114","Tu_vuoi","Art"
"2425","Tu_vuoi","Art"
"2381","Tu_vuoi","Art"
"2322","Tu_vuoi","Art"
"2476","Tu_vuoi","Art"
"2243","Tu_vuoi","Art"
"2516","Tu_vuoi","Art"
"2155","Tu_vuoi","Art"
"2438","Tu_vuoi","Art"
"2458","Tu_vuoi","Art"
"2230","Tu_vuoi","Art"
"2109","Lascia_cadermi","Art"
"2119","Lascia_cadermi","Art"
"2076","Pallido_il","Art"
"2113","Pallido_il","Art"
"2793","Pallido_il","Art"
"2059","Se_ al","Art"
"2575","Se_al","Art"
"2216","Se_al","Art"
"2499","Se_al","Art"
"2370","Se_al","Art"
"2133","Se_al","Art"
"2794","Se_al","Art"
"2377","Se_al","Art"
"2465","Se_al","Art"
"2247","Se_al","Art"
"2508","Se_al","Art"
"2279","Se_al","Art"
"2432","Se_al","Art"
"2055","Che_pena","Art"
"2011","Che_pena","Art"
"2071","Per_questo","Art"
"2016","Per_questo","Art"
"2240","Pensa_che","Art"
"2095","Parto_qual","Art"
"2581","Parto_qual","Art"
"2093","Spiega_i","Art"
"2008","Spiega_i","Art"
"0420","O_piu","Dem"
"0430","O_piu","Dem"
"0478","O_piu","Dem"
"0583","O_piu","Dem"
"0463","O_piu","Dem"
"1654","O_piu","Dem"
"0540","O_piu","Dem"
"0775","O_piu","Dem"
"1045","O_piu","Dem"
"2251","O_piu","Dem"
"1548","O_piu","Dem"
"1168","O_piu","Dem"
"0561","O_piu","Dem"
"1846","O_piu","Dem"
"0613","O_piu","Dem"
"1557","O_piu","Dem"
"0920","O_piu","Dem"
"0517","O_piu","Dem"
"1584","O_piu","Dem"
"1786","O_piu","Dem"
"0938","O_piu","Dem"
"1104","O_piu","Dem"
"1676","O_piu","Dem"
"0443","O_piu","Dem"
"1717","O_piu","Dem"
"1236","O_piu","Dem"
"1808","O_piu","Dem"
"1498","O_piu","Dem"
"0417","In_te","Dem"
"0431","In_te","Dem"
"0479","In_te","Dem"
"2189","In_te","Dem"
"0584","In_te","Dem"
"0464","In_te","Dem"
"1664","In_te","Dem"
"0541","In_te","Dem"
"0776","In_te","Dem"
"1047","In_te","Dem"
"2252","In_te","Dem"
"1778","In_te","Dem"
"1550","In_te","Dem"
"1207","In_te","Dem"
"0562","In_te","Dem"
"1853","In_te","Dem"
"1856","In_te","Dem"
"0614","In_te","Dem"
"1558","In_te","Dem"
"0921","In_te","Dem"
"0518","In_te","Dem"
"1585","In_te","Dem"
"1790","In_te","Dem"
"0939","In_te","Dem"
"1677","In_te","Dem"
"0444","In_te","Dem"
"1718","In_te","Dem"
"1237","In_te","Dem"
"1742","In_te","Dem"
"1810","In_te","Dem"
"1675","In_te","Dem"
"1739","In_te","Dem"
"1496","In_te","Dem"
"1673","In_te","Dem"
"0418","Per_lei","Dem"
"0432","Per_lei","Dem"
"0481","Per_lei","Dem"
"2375","Per_lei","Dem"
"2191","Per_lei","Dem"
"0585","Per_lei","Dem"
"0465","Per_lei","Dem"
"1653","Per_lei","Dem"
"0608","Per_lei","Dem"
"0777","Per_lei","Dem"
"1175","Per_lei","Dem"
"2253","Per_lei","Dem"
"0557","Per_lei","Dem"
"1606","Per_lei","Dem"
"1208","Per_lei","Dem"
"0563","Per_lei","Dem"
"1864","Per_lei","Dem"
"0615","Per_lei","Dem"
"1559","Per_lei","Dem"
"0919","Per_lei","Dem"
"0519","Per_lei","Dem"
"1598","Per_lei","Dem"
"1793","Per_lei","Dem"
"0940","Per_lei","Dem"
"1106","Per_lei","Dem"
"0445","Per_lei","Dem"
"1725","Per_lei","Dem"
"1246","Per_lei","Dem"
"1743","Per_lei","Dem"
"1780","Per_lei","Dem"
"1813","Per_lei","Dem"
"1499","Per_lei","Dem"
"0419","Sperai_vicino","Dem"
"0433","Sperai_vicino","Dem"
"0482","Sperai_vicino","Dem"
"1800","Sperai_vicino","Dem"
"2195","Sperai_vicino","Dem"
"0586","Sperai_vicino","Dem"
"0475","Sperai_vicino","Dem"
"1658","Sperai_vicino","Dem"
"0855","Sperai_vicino","Dem"
"1241","Sperai_vicino","Dem"
"0779","Sperai_vicino","Dem"
"1176","Sperai_vicino","Dem"
"2248","Sperai_vicino","Dem"
"1552","Sperai_vicino","Dem"
"1261","Sperai_vicino","Dem"
"0564","Sperai_vicino","Dem"
"1863","Sperai_vicino","Dem"
"0616","Sperai_vicino","Dem"
"0922","Sperai_vicino","Dem"
"0520","Sperai_vicino","Dem"
"1587","Sperai_vicino","Dem"
"1794","Sperai_vicino","Dem"
"0941","Sperai_vicino","Dem"
"1290","Sperai_vicino","Dem"
"0446","Sperai_vicino","Dem"
"1730","Sperai_vicino","Dem"
"1259","Sperai_vicino","Dem"
"1921","Sperai_vicino","Dem"
"1745","Sperai_vicino","Dem"
"1816","Sperai_vicino","Dem"
"1501","Sperai_vicino","Dem"
"1804","Sperai_vicino","Dem"
"0421","Tintendo_ingrata","Dem"
"0587","Tintendo_ingrata","Dem"
"1655","Tintendo_ingrata","Dem"
"0808","Tintendo_ingrata","Dem"
"1649","Tintendo_ingrata","Dem"
"0780","Tintendo_ingrata","Dem"
"2244","Tintendo_ingrata","Dem"
"1209","Tintendo_ingrata","Dem"
"0521","Tintendo_ingrata","Dem"
"1589","Tintendo_ingrata","Dem"
"0447","Tintendo_ingrata","Dem"
"1807","Tintendo_ingrata","Dem"
"0422","Non_curo","Dem"
"0434","Non_curo","Dem"
"0494","Non_curo","Dem"
"2199","Non_curo","Dem"
"0588","Non_curo","Dem"
"0476","Non_curo","Dem"
"1656","Non_curo","Dem"
"0610","Non_curo","Dem"
"0781","Non_curo","Dem"
"1177","Non_curo","Dem"
"1547","Non_curo","Dem"
"1210","Non_curo","Dem"
"0565","Non_curo","Dem"
"1855","Non_curo","Dem"
"1858","Non_curo","Dem"
"1560","Non_curo","Dem"
"0923","Non_curo","Dem"
"0522","Non_curo","Dem"
"1590","Non_curo","Dem"
"1787","Non_curo","Dem"
"0942","Non_curo","Dem"
"1741","Non_curo","Dem"
"1107","Non_curo","Dem"
"1678","Non_curo","Dem"
"0448","Non_curo","Dem"
"1719","Non_curo","Dem"
"1746","Non_curo","Dem"
"1811","Non_curo","Dem"
"1502","Non_curo","Dem"
"0410","Il_suo","Dem"
"0451","Il_suo","Dem"
"0495","Il_suo","Dem"
"2204","Il_suo","Dem"
"0589","Il_suo","Dem"
"0477","Il_suo","Dem"
"1661","Il_suo","Dem"
"0856","Il_suo","Dem"
"1240","Il_suo","Dem"
"1651","Il_suo","Dem"
"0782","Il_suo","Dem"
"0566","Il_suo","Dem"
"1848","Il_suo","Dem"
"1330","Il_suo","Dem"
"0924","Il_suo","Dem"
"0523","Il_suo","Dem"
"0943","Il_suo","Dem"
"0580","Il_suo","Dem"
"0411","Padre_perdona","Dem"
"0496","Padre_perdona","Dem"
"2206","Padre_perdona","Dem"
"0590","Padre_perdona","Dem"
"0500","Padre_perdona","Dem"
"1657","Padre_perdona","Dem"
"0857","Padre_perdona","Dem"
"0783","Padre_perdona","Dem"
"1178","Padre_perdona","Dem"
"2249","Padre_perdona","Dem"
"1551","Padre_perdona","Dem"
"1211","Padre_perdona","Dem"
"0567","Padre_perdona","Dem"
"1845","Padre_perdona","Dem"
"0621","Padre_perdona","Dem"
"1561","Padre_perdona","Dem"
"0925","Padre_perdona","Dem"
"0524","Padre_perdona","Dem"
"1599","Padre_perdona","Dem"
"1789","Padre_perdona","Dem"
"0944","Padre_perdona","Dem"
"1172","Padre_perdona","Dem"
"1679","Padre_perdona","Dem"
"0466","Padre_perdona","Dem"
"1957","Padre_perdona","Dem"
"1260","Padre_perdona","Dem"
"1731","Padre_perdona","Dem"
"0408","Se_ardire","Dem"
"0452","Se_ardire","Dem"
"1801","Se_ardire","Dem"
"2209","Se_ardire","Dem"
"0501","Se_ardire","Dem"
"0858","Se_ardire","Dem"
"0784","Se_ardire","Dem"
"2259","Se_ardire","Dem"
"1212","Se_ardire","Dem"
"0620","Se_ardire","Dem"
"1837","Se_ardire","Dem"
"0525","Se_ardire","Dem"
"1600","Se_ardire","Dem"
"2087","Se_ardire","Dem"
"1680","Se_ardire","Dem"
"0510","Se_ardire","Dem"
"0409","Tu_sai","Dem"
"0498","Tu_sai","Dem"
"2208","Tu_sai","Dem"
"0591","Tu_sai","Dem"
"1659","Tu_sai","Dem"
"0859","Tu_sai","Dem"
"1242","Tu_sai","Dem"
"0558","Tu_sai","Dem"
"1781","Tu_sai","Dem"
"0569","Tu_sai","Dem"
"0926","Tu_sai","Dem"
"0526","Tu_sai","Dem"
"1591","Tu_sai","Dem"
"1788","Tu_sai","Dem"
"0946","Tu_sai","Dem"
"1173","Tu_sai","Dem"
"1681","Tu_sai","Dem"
"0467","Tu_sai","Dem"
"1723","Tu_sai","Dem"
"1286","Tu_sai","Dem"
"1748","Tu_sai","Dem"
"1691","Tu_sai","Dem"
"1814","Tu_sai","Dem"
"1503","Tu_sai","Dem"
"1729","Tu_sai","Dem"
"0412","Prudente_mi","Dem"
"0454","Prudente_mi","Dem"
"0499","Prudente_mi","Dem"
"1803","Prudente_mi","Dem"
"1707","Prudente_mi","Dem"
"2210","Prudente_mi","Dem"
"0592","Prudente_mi","Dem"
"0507","Prudente_mi","Dem"
"1660","Prudente_mi","Dem"
"0542","Prudente_mi","Dem"
"0785","Prudente_mi","Dem"
"1179","Prudente_mi","Dem"
"0544","Prudente_mi","Dem"
"1213","Prudente_mi","Dem"
"0570","Prudente_mi","Dem"
"0622","Prudente_mi","Dem"
"1562","Prudente_mi","Dem"
"0927","Prudente_mi","Dem"
"1834","Prudente_mi","Dem"
"0527","Prudente_mi","Dem"
"1602","Prudente_mi","Dem"
"1799","Prudente_mi","Dem"
"0947","Prudente_mi","Dem"
"0486","Prudente_mi","Dem"
"1744","Prudente_mi","Dem"
"1692","Prudente_mi","Dem"
"1505","Prudente_mi","Dem"
"1735","Prudente_mi","Dem"
"0413","Se_tronca","Dem"
"0456","Se_tronca","Dem"
"0503","Se_tronca","Dem"
"2214","Se_tronca","Dem"
"0593","Se_tronca","Dem"
"0508","Se_tronca","Dem"
"0860","Se_tronca","Dem"
"0786","Se_tronca","Dem"
"0612","Se_tronca","Dem"
"0571","Se_tronca","Dem"
"1704","Se_tronca","Dem"
"0928","Se_tronca","Dem"
"0948","Se_tronca","Dem"
"0457","E_soccorso","Dem"
"0504","E_soccorso","Dem"
"2212","E_soccorso","Dem"
"0594","E_soccorso","Dem"
"0861","E_soccorso","Dem"
"0787","E_soccorso","Dem"
"1180","E_soccorso","Dem"
"1214","E_soccorso","Dem"
"0624","E_soccorso","Dem"
"0929","E_soccorso","Dem"
"0528","E_soccorso","Dem"
"1593","E_soccorso","Dem"
"0945","E_soccorso","Dem"
"0581","E_soccorso","Dem"
"0487","E_soccorso","Dem"
"1728","E_soccorso","Dem"
"1287","E_soccorso","Dem"
"1689","E_soccorso","Dem"
"0512","Lempia_mia","Dem"
"0383","Se_tutti","Dem"
"0086","Se_tutti","Dem"
"1754","Se_tutti","Dem"
"0595","Se_tutti","Dem"
"0091","Se_tutti","Dem"
"0896","Se_tutti","Dem"
"1669","Se_tutti","Dem"
"0113","Se_tutti","Dem"
"0117","Se_tutti","Dem"
"1674","Se_tutti","Dem"
"0115","Se_tutti","Dem"
"0116","Se_tutti","Dem"
"2261","Se_tutti","Dem"
"0114","Se_tutti","Dem"
"1556","Se_tutti","Dem"
"0110","Se_tutti","Dem"
"0118","Se_tutti","Dem"
"0111","Se_tutti","Dem"
"1563","Se_tutti","Dem"
"0119","Se_tutti","Dem"
"1594","Se_tutti","Dem"
"1906","Se_tutti","Dem"
"1792","Se_tutti","Dem"
"0120","Se_tutti","Dem"
"1687","Se_tutti","Dem"
"0122","Se_tutti","Dem"
"1732","Se_tutti","Dem"
"1288","Se_tutti","Dem"
"1694","Se_tutti","Dem"
"1805","Se_tutti","Dem"
"1500","Se_tutti","Dem"
"1708","Se_tutti","Dem"
"0407","No_non","Dem"
"0458","No_non","Dem"
"0513","No_non","Dem"
"2207","No_non","Dem"
"0596","No_non","Dem"
"0509","No_non","Dem"
"1672","No_non","Dem"
"0862","No_non","Dem"
"0788","No_non","Dem"
"1181","No_non","Dem"
"2265","No_non","Dem"
"0611","No_non","Dem"
"1215","No_non","Dem"
"0572","No_non","Dem"
"0627","No_non","Dem"
"1565","No_non","Dem"
"0931","No_non","Dem"
"1835","No_non","Dem"
"0529","No_non","Dem"
"1603","No_non","Dem"
"1796","No_non","Dem"
"0949","No_non","Dem"
"0582","No_non","Dem"
"0489","No_non","Dem"
"1727","No_non","Dem"
"1747","No_non","Dem"
"1693","No_non","Dem"
"1506","No_non","Dem"
"1738","No_non","Dem"
"0403","Felice_eta","Dem"
"0459","Felice_eta","Dem"
"0514","Felice_eta","Dem"
"2215","Felice_eta","Dem"
"0597","Felice_eta","Dem"
"0538","Felice_eta","Dem"
"1665","Felice_eta","Dem"
"0863","Felice_eta","Dem"
"0789","Felice_eta","Dem"
"0573","Felice_eta","Dem"
"1860","Felice_eta","Dem"
"1772","Felice_eta","Dem"
"0888","Giacche_vivendo","Dem"
"0404","Perfidi_gia","Dem"
"0549","Perfidi_gia","Dem"
"2234","Perfidi_gia","Dem"
"0539","Perfidi_gia","Dem"
"1666","Perfidi_gia","Dem"
"0864","Perfidi_gia","Dem"
"0790","Perfidi_gia","Dem"
"1182","Perfidi_gia","Dem"
"2268","Perfidi_gia","Dem"
"0559","Perfidi_gia","Dem"
"1553","Perfidi_gia","Dem"
"1226","Perfidi_gia","Dem"
"0574","Perfidi_gia","Dem"
"1865","Perfidi_gia","Dem"
"0629","Perfidi_gia","Dem"
"1566","Perfidi_gia","Dem"
"0932","Perfidi_gia","Dem"
"0530","Perfidi_gia","Dem"
"1595","Perfidi_gia","Dem"
"1798","Perfidi_gia","Dem"
"0950","Perfidi_gia","Dem"
"1452","Perfidi_gia","Dem"
"1683","Perfidi_gia","Dem"
"0491","Perfidi_gia","Dem"
"1724","Perfidi_gia","Dem"
"1752","Perfidi_gia","Dem"
"1695","Perfidi_gia","Dem"
"1818","Perfidi_gia","Dem"
"0399","La_destra","Dem"
"0460","La_destra","Dem"
"0606","La_destra","Dem"
"0981","La_destra","Dem"
"1671","La_destra","Dem"
"0865","La_destra","Dem"
"1710","La_destra","Dem"
"0791","La_destra","Dem"
"1187","La_destra","Dem"
"2273","La_destra","Dem"
"0543","La_destra","Dem"
"1607","La_destra","Dem"
"1227","La_destra","Dem"
"0575","La_destra","Dem"
"1854","La_destra","Dem"
"0625","La_destra","Dem"
"1567","La_destra","Dem"
"0935","La_destra","Dem"
"1836","La_destra","Dem"
"0531","La_destra","Dem"
"1604","La_destra","Dem"
"1797","La_destra","Dem"
"0951","La_destra","Dem"
"1690","La_destra","Dem"
"0511","La_destra","Dem"
"1783","La_destra","Dem"
"1405","La_destra","Dem"
"1751","La_destra","Dem"
"1697","La_destra","Dem"
"1817","La_destra","Dem"
"1504","La_destra","Dem"
"1737","La_destra","Dem"
"0400","Non_odi","Dem"
"0550","Non_odi","Dem"
"2217","Non_odi","Dem"
"0603","Non_odi","Dem"
"0891","Non_odi","Dem"
"1668","Non_odi","Dem"
"0866","Non_odi","Dem"
"0792","Non_odi","Dem"
"1183","Non_odi","Dem"
"2275","Non_odi","Dem"
"0560","Non_odi","Dem"
"1228","Non_odi","Dem"
"0576","Non_odi","Dem"
"0630","Non_odi","Dem"
"0933","Non_odi","Dem"
"0532","Non_odi","Dem"
"1592","Non_odi","Dem"
"1784","Non_odi","Dem"
"0952","Non_odi","Dem"
"1174","Non_odi","Dem"
"0401","Nel_tuo","Dem"
"0461","Nel_tuo","Dem"
"0551","Nel_tuo","Dem"
"2236","Nel_tuo","Dem"
"0601","Nel_tuo","Dem"
"0892","Nel_tuo","Dem"
"1667","Nel_tuo","Dem"
"0867","Nel_tuo","Dem"
"0793","Nel_tuo","Dem"
"1184","Nel_tuo","Dem"
"0545","Nel_tuo","Dem"
"1229","Nel_tuo","Dem"
"0577","Nel_tuo","Dem"
"1862","Nel_tuo","Dem"
"0533","Nel_tuo","Dem"
"1601","Nel_tuo","Dem"
"1685","Nel_tuo","Dem"
"1750","Nel_tuo","Dem"
"1815","Nel_tuo","Dem"
"1510","Nel_tuo","Dem"
"0402","Ah_che","Dem"
"2224","Ah_che","Dem"
"0598","Ah_che","Dem"
"0868","Ah_che","Dem"
"0794","Ah_che","Dem"
"1861","Ah_che","Dem"
"0534","Ah_che","Dem"
"1812","Ah_che","Dem"
"0386","Misero_pargoletto","Dem"
"0080","Misero_pargoletto","Dem"
"0552","Misero_pargoletto","Dem"
"1802","Misero_pargoletto","Dem"
"0599","Misero_pargoletto","Dem"
"0081","Misero_pargoletto","Dem"
"0100","Misero_pargoletto","Dem"
"0083","Misero_pargoletto","Dem"
"0093","Misero_pargoletto","Dem"
"0094","Misero_pargoletto","Dem"
"2277","Misero_pargoletto","Dem"
"0088","Misero_pargoletto","Dem"
"1554","Misero_pargoletto","Dem"
"0089","Misero_pargoletto","Dem"
"0096","Misero_pargoletto","Dem"
"1852","Misero_pargoletto","Dem"
"0087","Misero_pargoletto","Dem"
"1866","Misero_pargoletto","Dem"
"0097","Misero_pargoletto","Dem"
"1568","Misero_pargoletto","Dem"
"0090","Misero_pargoletto","Dem"
"1838","Misero_pargoletto","Dem"
"0082","Misero_pargoletto","Dem"
"1596","Misero_pargoletto","Dem"
"1791","Misero_pargoletto","Dem"
"0953","Misero_pargoletto","Dem"
"0099","Misero_pargoletto","Dem"
"1688","Misero_pargoletto","Dem"
"0095","Misero_pargoletto","Dem"
"1726","Misero_pargoletto","Dem"
"0102","Misero_pargoletto","Dem"
"1289","Misero_pargoletto","Dem"
"1749","Misero_pargoletto","Dem"
"1696","Misero_pargoletto","Dem"
"1809","Misero_pargoletto","Dem"
"1509","Misero_pargoletto","Dem"
"0098","Misero_pargoletto","Dem"
"1736","Misero_pargoletto","Dem"
"0391","Odo_il","Dem"
"0469","Odo_il","Dem"
"0553","Odo_il","Dem"
"2226","Odo_il","Dem"
"0604","Odo_il","Dem"
"0893","Odo_il","Dem"
"0869","Odo_il","Dem"
"0795","Odo_il","Dem"
"1185","Odo_il","Dem"
"0547","Odo_il","Dem"
"1555","Odo_il","Dem"
"1230","Odo_il","Dem"
"0578","Odo_il","Dem"
"1849","Odo_il","Dem"
"1569","Odo_il","Dem"
"0934","Odo_il","Dem"
"0535","Odo_il","Dem"
"1605","Odo_il","Dem"
"1684","Odo_il","Dem"
"0490","Odo_il","Dem"
"1720","Odo_il","Dem"
"0390","Che_mai","Dem"
"0470","Che_mai","Dem"
"0554","Che_mai","Dem"
"2227","Che_mai","Dem"
"0600","Che_mai","Dem"
"0894","Che_mai","Dem"
"1662","Che_mai","Dem"
"0609","Che_mai","Dem"
"1243","Che_mai","Dem"
"0796","Che_mai","Dem"
"1186","Che_mai","Dem"
"2280","Che_mai","Dem"
"0548","Che_mai","Dem"
"1231","Che_mai","Dem"
"0579","Che_mai","Dem"
"1847","Che_mai","Dem"
"0936","Che_mai","Dem"
"1740","Che_mai","Dem"
"1839","Che_mai","Dem"
"0536","Che_mai","Dem"
"1597","Che_mai","Dem"
"1795","Che_mai","Dem"
"0954","Che_mai","Dem"
"1806","Che_mai","Dem"
"0492","Che_mai","Dem"
"1782","Che_mai","Dem"
"1265","Che_mai","Dem"
"1698","Che_mai","Dem"
"1516","Che_mai","Dem"
"0389","Non_dura","Dem"
"0471","Non_dura","Dem"
"0555","Non_dura","Dem"
"2231","Non_dura","Dem"
"0602","Non_dura","Dem"
"0895","Non_dura","Dem"
"1663","Non_dura","Dem"
"0556","Non_dura","Dem"
"0797","Non_dura","Dem"
"1232","Non_dura","Dem"
"2278","Non_dura","Dem"
"1238","Non_dura","Dem"
"0633","Non_dura","Dem"
"0937","Non_dura","Dem"
"0537","Non_dura","Dem"
"1686","Non_dura","Dem"
"0453","Cangi_per","Dem"
"0462","Del_sole","Dem"
"0889","Non_vi","Dem"
"0930","Non_vi","Dem"
"0890","Per_lei","Dem"
"0568","Per_lei","Dem"
"0617","Parto_crudel","Dem"
"0618","Piu_non","Dem"
"0619","Di_quel","Dem"
"0623","Del_genitor","Dem"
"0626","Se_potesse","Dem"
"0631","Di_speme","Dem"
"0632","E_cessato","Dem"
"0634","Perche_perche","Dem"
"0605","Temo_in","Dem"
"0502","Temo_in","Dem"
"1404","Temo_in","Dem"
"0505","Se_ti","Dem"
"0480","Io_non","Dem"
"0483","Alma_piu","Dem"
"0497","Son_qual","Dem"
"0546","Parto_oh_dio","Dem"
"0886","Del_cielo","Dem"
"0887","Stelle_adorate","Dem"
"0628a","Si_tintendo","Dem"
"1105","Io_veggo","Dem"
"0607","Non_e_ver","Dem"
"1564","Gia_si","Dem"
"0778","Nel_dolci","Dem"
"1443","Dovrei_ma","Did"
"1699","Dovrei_ma","Did"
"0257","Dovrei_ma","Did"
"1883","Dovrei_ma","Did"
"0280","Dovrei_ma","Did"
"0285","Dovrei_ma","Did"
"1614","Dovrei_ma","Did"
"1969","Dovrei_ma","Did"
"1507","Dovrei_ma","Did"
"1819","Dovrei_ma","Did"
"1859","Dovrei_ma","Did"
"0377","Dovrei_ma","Did"
"1924","Dovrei_ma","Did"
"1634","Dovrei_ma","Did"
"1625","Dovrei_ma","Did"
"0311","Dovrei_ma","Did"
"0292","Dovrei_ma","Did"
"0023","Diro_che","Did"
"0384","Diro_che","Did"
"0005","Diro_che","Did"
"0186","Diro_che","Did"
"0199","Diro_che","Did"
"0202","Diro_che","Did"
"1444","Diro_che","Did"
"1536","Diro_che","Did"
"0485","Diro_che","Did"
"0233","Diro_che","Did"
"1700","Diro_che","Did"
"0030","Diro_che","Did"
"0328","Diro_che","Did"
"0243","Diro_che","Did"
"0667","Diro_che","Did"
"1756","Diro_che","Did"
"0307","Diro_che","Did"
"0291","Diro_che","Did"
"1615","Diro_che","Did"
"1972","Diro_che","Did"
"1508","Diro_che","Did"
"1820","Diro_che","Did"
"0337","Diro_che","Did"
"0376","Diro_che","Did"
"1870","Diro_che","Did"
"1925","Diro_che","Did"
"1635","Diro_che","Did"
"0314","Diro_che","Did"
"0001","Son_regina","Did"
"0351","Son_regina","Did"
"0006","Son_regina","Did"
"0008","Son_regina","Did"
"0012","Son_regina","Did"
"0319","Son_regina","Did"
"0015","Son_regina","Did"
"0016","Son_regina","Did"
"1474","Son_regina","Did"
"1573","Son_regina","Did"
"1144","Son_regina","Did"
"0033","Son_regina","Did"
"1703","Son_regina","Did"
"0010","Son_regina","Did"
"1890","Son_regina","Did"
"0049","Son_regina","Did"
"0051","Son_regina","Did"
"0053","Son_regina","Did"
"0809","Son_regina","Did"
"1757","Son_regina","Did"
"1912","Son_regina","Did"
"0038","Son_regina","Did"
"0040","Son_regina","Did"
"1617","Son_regina","Did"
"1997","Son_regina","Did"
"0041","Son_regina","Did"
"1917","Son_regina","Did"
"1891","Son_regina","Did"
"2051","Son_regina","Did"
"0047","Son_regina","Did"
"0363","Son_regina","Did"
"1881","Son_regina","Did"
"1964","Son_regina","Did"
"1637","Son_regina","Did"
"0043","Son_regina","Did"
"0079","Son_regina","Did"
"0388","Grato_rende","Did"
"1885","Tu_mi","Did"
"0055","Tu_mi_scorgi","Did"
"0062","Tu_mi_scorgi","Did"
"0026","Tu_mi_scorgi","Did"
"0187","Tu_mi_scorgi","Did"
"0200","Tu_mi_scorgi","Did"
"0150","Tu_mi_scorgi","Did"
"1469","Tu_mi_scorgi","Did"
"1574","Tu_mi_scorgi","Did"
"1147","Tu_mi_scorgi","Did"
"0235","Tu_mi_scorgi","Did"
"0075","Tu_mi_scorgi","Did"
"0259","Tu_mi_scorgi","Did"
"0344","Tu_mi_scorgi","Did"
"0684","Tu_mi_scorgi","Did"
"1761","Tu_mi_scorgi","Did"
"0281","Tu_mi_scorgi","Did"
"1825","Tu_mi_scorgi","Did"
"1871","Tu_mi_scorgi","Did"
"1926","Tu_mi_scorgi","Did"
"1636","Tu_mi_scorgi","Did"
"0056","Fra_lo","Did"
"0393","Fra_lo","Did"
"0063","Fra_lo","Did"
"0027","Fra_lo","Did"
"0188","Fra_lo","Did"
"0322","Fra_lo","Did"
"0201","Fra_lo","Did"
"1472","Fra_lo","Did"
"1549","Fra_lo","Did"
"0236","Fra_lo","Did"
"1701","Fra_lo","Did"
"0246","Fra_lo","Did"
"0685","Fra_lo","Did"
"1763","Fra_lo","Did"
"1905","Fra_lo","Did"
"0282","Fra_lo","Did"
"0293","Fra_lo","Did"
"1623","Fra_lo","Did"
"1987","Fra_lo","Did"
"1511","Fra_lo","Did"
"1918","Fra_lo","Did"
"1826","Fra_lo","Did"
"1888","Fra_lo","Did"
"1955","Fra_lo","Did"
"1639","Fra_lo","Did"
"0024","Se_dalle","Did"
"0394","Se_dalle","Did"
"0064","Se_dalle","Did"
"0189","Se_dalle","Did"
"0203","Se_dalle","Did"
"1470","Se_dalle","Did"
"1541","Se_dalle","Did"
"2426","Se_dalle","Did"
"0244","Se_dalle","Did"
"0076","Se_dalle","Did"
"0262","Se_dalle","Did"
"0348","Se_dalle","Did"
"0686","Se_dalle","Did"
"1776","Se_dalle","Did"
"1618","Se_dalle","Did"
"1976","Se_dalle","Did"
"1915","Se_dalle","Did"
"1828","Se_dalle","Did"
"0342","Se_dalle","Did"
"0385","Se_dalle","Did"
"1927","Se_dalle","Did"
"1638","Se_dalle","Did"
"1626","Se_dalle","Did"
"0315","Se_dalle","Did"
"0057","Quando_saprai","Did"
"0395","Quando_saprai","Did"
"0028","Quando_saprai","Did"
"0151","Quando_saprai","Did"
"0334","Quando_saprai","Did"
"0214","Quando_saprai","Did"
"0149","Quando_saprai","Did"
"1445","Quando_saprai","Did"
"1537","Quando_saprai","Did"
"0488","Quando_saprai","Did"
"0239","Quando_saprai","Did"
"1702","Quando_saprai","Did"
"0077","Quando_saprai","Did"
"1922","Quando_saprai","Did"
"0271","Quando_saprai","Did"
"0349","Quando_saprai","Did"
"0251","Quando_saprai","Did"
"0767","Quando_saprai","Did"
"1769","Quando_saprai","Did"
"1913","Quando_saprai","Did"
"0283","Quando_saprai","Did"
"0297","Quando_saprai","Did"
"1979","Quando_saprai","Did"
"1919","Quando_saprai","Did"
"1827","Quando_saprai","Did"
"1670","Quando_saprai","Did"
"0343","Quando_saprai","Did"
"0398","Quando_saprai","Did"
"1873","Quando_saprai","Did"
"1930","Quando_saprai","Did"
"1643","Quando_saprai","Did"
"1627","Quando_saprai","Did"
"0320","Quando_saprai","Did"
"1512","Quandro_saprai","Did"
"0058","Ogni_amator","Did"
"0406","Ogni_amator","Did"
"0066","Ogni_amator","Did"
"0148","Ogni_amator","Did"
"0152","Ogni_amator","Did"
"1461","Ogni_amator","Did"
"1577","Ogni_amator","Did"
"1165","Ogni_amator","Did"
"1893","Ogni_amator","Did"
"0289","Ogni_amator","Did"
"0372","Ogni_amator","Did"
"1914","Ogni_amator","Did"
"1878","Ogni_amator","Did"
"1923","Ogni_amator","Did"
"1642","Ogni_amator","Did"
"1628","Ogni_amator","Did"
"0059","Son_quel","Did"
"0415","Son_quel","Did"
"0067","Son_quel","Did"
"0356","Son_quel","Did"
"0207","Son_quel","Did"
"1570","Son_quel","Did"
"0241","Son_quel","Did"
"0078","Son_quel","Did"
"0260","Son_quel","Did"
"0357","Son_quel","Did"
"1622","Son_quel","Did"
"1518","Son_quel","Did"
"0338","Son_quel","Did"
"0378","Son_quel","Did"
"0392","Tu_mi_guardi","Did"
"0396","Costanza_mio","Did"
"0387","Nel_tuo","Did"
"0379","Sdegno_ingegno","Did"
"0405","Di_quest_alma","Did"
"0439","Sono_intrepido","Did"
"0455","Vanne_a","Did"
"0468","Parmi_dudir","Did"
"0484","Va_crudele","Did"
"1887","Infelice_e","Did"
"0046","Infelice_sventurato","Did"
"0068","Infelice_sventurato","Did"
"0140","Infelice_sventurato","Did"
"0215","Infelice_sventurato","Did"
"1760","Infelice_sventurato","Did"
"0284","Infelice_sventurato","Did"
"1620","Infelice_sventurato","Did"
"1513","Infelice_sventurato","Did"
"0060","Tu_mi_disarmi","Did"
"0147","Tu_mi_disarmi","Did"
"0216","Tu_mi_disarmi","Did"
"0245","Tu_mi_disarmi","Did"
"1898","Tu_mi_disarmi","Did"
"1360","Tu_mi_disarmi","Did"
"0687","Tu_mi_disarmi","Did"
"1762","Tu_mi_disarmi","Did"
"0287","Tu_mi_disarmi","Did"
"0304","Tu_mi_disarmi","Did"
"1619","Tu_mi_disarmi","Did"
"1973","Tu_mi_disarmi","Did"
"1517","Tu_mi_disarmi","Did"
"0347","Tu_mi_disarmi","Did"
"0416","Tu_mi_disarmi","Did"
"1931","Tu_mi_disarmi","Did"
"1640","Tu_mi_disarmi","Did"
"1632","Tu_mi_disarmi","Did"
"0317","Tu_mi_disarmi","Did"
"0303","Tu_mi_disarmi","Did"
"0003","Non_ha","Did"
"0361","Non_ha","Did"
"0007","Non_ha","Did"
"0013","Non_ha","Did"
"0474","Non_ha","Did"
"1650","Non_ha","Did"
"0014","Non_ha","Did"
"0032","Non_ha","Did"
"1477","Non_ha","Did"
"1538","Non_ha","Did"
"1145","Non_ha","Did"
"0017","Non_ha","Did"
"1840","Non_ha","Did"
"1896","Non_ha","Did"
"0018","Non_ha","Did"
"0019","Non_ha","Did"
"0773","Non_ha","Did"
"0020","Non_ha","Did"
"1986","Non_ha","Did"
"0002","Non_ha","Did"
"1830","Non_ha","Did"
"0021","Non_ha","Did"
"1777","Non_ha","Did"
"0061","Se_resto","Did"
"0362","Se_resto","Did"
"0092","Se_resto","Did"
"0101","Se_resto","Did"
"0380","Se_resto","Did"
"0103","Se_resto","Did"
"0108","Se_resto","Did"
"1446","Se_resto","Did"
"1582","Se_resto","Did"
"1146","Se_resto","Did"
"0105","Se_resto","Did"
"1841","Se_resto","Did"
"1895","Se_resto","Did"
"0107","Se_resto","Did"
"0109","Se_resto","Did"
"2000","Se_resto","Did"
"0112","Se_resto","Did"
"1831","Se_resto","Did"
"0104","Se_resto","Did"
"0365","Se_resto","Did"
"0106","Se_resto","Did"
"0313","Se_resto","Did"
"1523","Pensa_che","Did"
"0069","Pensa_che","Did"
"0170","Pensa_che","Did"
"1899","Pensa_che","Did"
"0688","Pensa_che","Did"
"1909","Pensa_che","Did"
"0288","Pensa_che","Did"
"1970","Pensa_che","Did"
"0352","Pensa_che","Did"
"0428","Pensa_che","Did"
"1882","Pensa_che","Did"
"1928","Pensa_che","Did"
"1641","Pensa_che","Did"
"0318","Pensa_che","Did"
"1524","Leon_che","Did"
"2173","Leon_che","Did"
"0424","Leon_che","Did"
"0142","Leon_che","Did"
"0070","Leon_che","Did"
"0190","Leon_che","Did"
"0171","Leon_che","Did"
"1960","Leon_che","Did"
"1647","Leon_che","Did"
"1522","Ardi_per","Did"
"2183","Ardi_per","Did"
"0425","Ardi_per","Did"
"0145","Ardi_per","Did"
"0206","Ardi_per","Did"
"1462","Ardi_per","Did"
"1542","Ardi_per","Did"
"0493","Ardi_per","Did"
"0172","Ardi_per","Did"
"0264","Ardi_per","Did"
"1889","Ardi_per","Did"
"1823","Ardi_per","Did"
"1525","L_augelletto","Did"
"0440","L_augelletto","Did"
"0143","L_augelletto","Did"
"0071","L_augelletto","Did"
"0191","L_augelletto","Did"
"0336","L_augelletto","Did"
"1361","L_augelletto","Did"
"1520","L_augelletto","Did"
"0359","L_augelletto","Did"
"1629","L_augelletto","Did"
"1526","Ah_non_lasciarmi","Did"
"0009","Ah_non_lasciarmi","Did"
"0022","Ah_non_lasciarmi","Did"
"0031","Ah_non_lasciarmi","Did"
"0048","Ah_non_lasciarmi","Did"
"0327","Ah_non_lasciarmi","Did"
"1478","Ah_non_lasciarmi","Did"
"1540","Ah_non_lasciarmi","Did"
"0506","Ah_non_lasciarmi","Did"
"0034","Ah_non_lasciarmi","Did"
"1843","Ah_non_lasciarmi","Did"
"0011","Ah_non_lasciarmi","Did"
"1894","Ah_non_lasciarmi","Did"
"0036","Ah_non_lasciarmi","Did"
"0050","Ah_non_lasciarmi","Did"
"0035","Ah_non_lasciarmi","Did"
"0798","Ah_non_lasciarmi","Did"
"1758","Ah_non_lasciarmi","Did"
"0037","Ah_non_lasciarmi","Did"
"0039","Ah_non_lasciarmi","Did"
"0045","Ah_non_lasciarmi","Did"
"1621","Ah_non_lasciarmi","Did"
"0042","Ah_non_lasciarmi","Did"
"1916","Ah_non_lasciarmi","Did"
"1822","Ah_non_lasciarmi","Did"
"0052","Ah_non_lasciarmi","Did"
"0364","Ah_non_lasciarmi","Did"
"1877","Ah_non_lasciarmi","Did"
"1959","Ah_non_lasciarmi","Did"
"0375","Ah_non_lasciarmi","Did"
"1644","Ah_non_lasciarmi","Did"
"0044","Ah_non_lasciarmi","Did"
"0136","Ah_non_lasciarmi","Did"
"0146","Ah_non_lasciarmi","Did"
"0141","Vedi_nel","Did"
"2172","Vedi_nel","Did"
"0427","Vedi_nel","Did"
"0072","Vedi_nel","Did"
"0192","Vedi_nel","Did"
"0473","Vedi_nel","Did"
"0221","Vedi_nel","Did"
"0153","Vedi_nel","Did"
"1447","Vedi_nel","Did"
"1544","Vedi_nel","Did"
"0250","Vedi_nel","Did"
"0173","Vedi_nel","Did"
"1764","Vedi_nel","Did"
"1529","Fosca_nube","Did"
"0154","Fosca_nube","Did"
"0219","Fosca_nube","Did"
"0515","Fosca_nube","Did"
"0252","Fosca_nube","Did"
"1900","Fosca_nube","Did"
"0270","Fosca_nube","Did"
"0366","Fosca_nube","Did"
"1362","Fosca_nube","Did"
"0769","Fosca_nube","Did"
"0306","Fosca_nube","Did"
"0341","Fosca_nube","Did"
"1920","Fosca_nube","Did"
"1829","Fosca_nube","Did"
"1874","Fosca_nube","Did"
"0155","Tacero_se","Did"
"2170","Tacero_se","Did"
"0193","Tacero_se","Did"
"0237","Tacero_se","Did"
"0204","Tacero_se","Did"
"1473","Tacero_se","Did"
"1545","Tacero_se","Did"
"1148","Tacero_se","Did"
"0174","Tacero_se","Did"
"1902","Tacero_se","Did"
"0286","Tacero_se","Did"
"1767","Tacero_se","Did"
"0290","Tacero_se","Did"
"1519","Tacero_se","Did"
"1851","Tacero_se","Did"
"0156","Non_cede","Did"
"2175","Non_cede","Did"
"1448","Non_cede","Did"
"0265","Non_cede","Did"
"1832","Non_cede","Did"
"1530","Veggio_la","Did"
"0157","Veggio_la","Did"
"0167","Veggio_la","Did"
"0194","Veggio_la","Did"
"0240","Veggio_la","Did"
"1463","Veggio_la","Did"
"0665","Veggio_la","Did"
"1844","Veggio_la","Did"
"1904","Veggio_la","Did"
"1363","Veggio_la","Did"
"1765","Veggio_la","Did"
"0296","Veggio_la","Did"
"0340","Veggio_la","Did"
"1624","Veggio_la","Did"
"1527","Chiamami_pur","Did"
"2176","Chiamami_pur","Did"
"0441","Chiamami_pur","Did"
"0158","Chiamami_pur","Did"
"0168","Chiamami_pur","Did"
"0195","Chiamami_pur","Did"
"0397","Chiamami_pur","Did"
"0330","Chiamami_pur","Did"
"1466","Chiamami_pur","Did"
"1161","Chiamami_pur","Did"
"0256","Chiamami_pur","Did"
"0177","Chiamami_pur","Did"
"0278","Chiamami_pur","Did"
"1364","Chiamami_pur","Did"
"1770","Chiamami_pur","Did"
"1983","Chiamami_pur","Did"
"1521","Chiamami_pur","Did"
"1867","Chiamami_pur","Did"
"0353","Chiamami_pur","Did"
"0438","Chiamami_pur","Did"
"0159","Va_lusingando","Did"
"2178","Va_lusingando","Did"
"0196","Va_lusingando","Did"
"0205","Va_lusingando","Did"
"1475","Va_lusingando","Did"
"1543","Va_lusingando","Did"
"1166","Va_lusingando","Did"
"1768","Va_lusingando","Did"
"1850","Va_lusingando","Did"
"1886","Va_lusingando","Did"
"1875","Va_lusingando","Did"
"0160","Vivi_superbo","Did"
"2180","Vivi_superbo","Did"
"0197","Vivi_superbo","Did"
"0374","Vivi_superbo","Did"
"0222","Vivi_superbo","Did"
"1857","Vivi_superbo","Did"
"1911","Vivi_superbo","Did"
"1528","Su_la","Did"
"0423","Su_la","Did"
"1759","Su_la","Did"
"1531","Quando_londa","Did"
"2317","Quando_londa","Did"
"0212","Quando_londa","Did"
"0223","Quando_londa","Did"
"0209","Quando_londa","Did"
"1471","Quando_londa","Did"
"1162","Quando_londa","Did"
"0179","Quando_londa","Did"
"0272","Quando_londa","Did"
"1402","Quando_londa","Did"
"1755","Quando_londa","Did"
"1824","Quando_londa","Did"
"1532","A_trionfar","Did"
"2325","A_trionfar","Did"
"0213","A_trionfar","Did"
"0224","A_trionfar","Did"
"0210","A_trionfar","Did"
"1449","A_trionfar","Did"
"1586","A_trionfar","Did"
"0666","A_trionfar","Did"
"0180","A_trionfar","Did"
"0274","A_trionfar","Did"
"0324","A_trionfar","Did"
"1403","A_trionfar","Did"
"1773","A_trionfar","Did"
"0298","A_trionfar","Did"
"1833","A_trionfar","Did"
"1879","A_trionfar","Did"
"1535","Nel_duol","Did"
"0229","Nel_duol","Did"
"0225","Nel_duol","Did"
"0217","Nel_duol","Did"
"1467","Nel_duol","Did"
"1546","Nel_duol","Did"
"0268","Nel_duol","Did"
"1842","Nel_duol","Did"
"0181","Nel_duol","Did"
"1907","Nel_duol","Did"
"1365","Nel_duol","Did"
"0689","Nel_duol","Did"
"1771","Nel_duol","Did"
"1910","Nel_duol","Did"
"0300","Nel_duol","Did"
"1974","Nel_duol","Did"
"1514","Nel_duol","Did"
"1633","Nel_duol","Did"
"1533","Va_crescendo","Did"
"2184","Va_crescendo","Did"
"2316","Va_crescendo","Did"
"1785","Va_crescendo","Did"
"0335","Va_crescendo","Did"
"0226","Va_crescendo","Did"
"1539","Va_crescendo","Did"
"1159","Va_crescendo","Did"
"0267","Va_crescendo","Did"
"0182","Va_crescendo","Did"
"0275","Va_crescendo","Did"
"0373","Va_crescendo","Did"
"1367","Va_crescendo","Did"
"0772","Va_crescendo","Did"
"0301","Va_crescendo","Did"
"0346","Va_crescendo","Did"
"1975","Va_crescendo","Did"
"1515","Va_crescendo","Did"
"1821","Va_crescendo","Did"
"0472","Va_crescendo","Did"
"1880","Va_crescendo","Did"
"0436","Va_crescendo","Did"
"1872","Va_crescendo","Did"
"1932","Va_crescendo","Did"
"1645","Va_crescendo","Did"
"1631","Va_crescendo","Did"
"0165","Gia_si","Did"
"2185","Gia_si","Did"
"2334","Gia_si","Did"
"0231","Gia_si","Did"
"0227","Gia_si","Did"
"0218","Gia_si","Did"
"1476","Gia_si","Did"
"1588","Gia_si","Did"
"0211","Gia_si","Did"
"1897","Gia_si","Did"
"1366","Gia_si","Did"
"1779","Gia_si","Did"
"1908","Gia_si","Did"
"0302","Gia_si","Did"
"1682","Gia_si","Did"
"1868","Gia_si","Did"
"1534","Cadra_fra","Did"
"2181","Cadra_fra","Did"
"2321","Cadra_fra","Did"
"0131","Cadra_fra","Did"
"0123","Cadra_fra","Did"
"0326","Cadra_fra","Did"
"0124","Cadra_fra","Did"
"1468","Cadra_fra","Did"
"1583","Cadra_fra","Did"
"1167","Cadra_fra","Did"
"0129","Cadra_fra","Did"
"0183","Cadra_fra","Did"
"1892","Cadra_fra","Did"
"0128","Cadra_fra","Did"
"0135","Cadra_fra","Did"
"0133","Cadra_fra","Did"
"0130","Cadra_fra","Did"
"1766","Cadra_fra","Did"
"1903","Cadra_fra","Did"
"0125","Cadra_fra","Did"
"0127","Cadra_fra","Did"
"1995","Cadra_fra","Did"
"0126","Cadra_fra","Did"
"1869","Cadra_fra","Did"
"0132","Cadra_fra","Did"
"1884","Cadra_fra","Did"
"0371","Cadra_fra","Did"
"1876","Cadra_fra","Did"
"1954","Cadra_fra","Did"
"1648","Cadra_fra","Did"
"0137","Cadra_fra","Did"
"0316","Cadra_fra","Did"
"0121","Cadra_fra","Did"
"2531","Vado_ma","Did"
"0774","Vado_ma","Did"
"1901","Vado_ma","Did"
"0279","Vado_ma","Did"
"1929","Vado_ma","Did"
"1646","Vado_ma","Did"
"1630","Vado_ma","Did"
"0325","Vado_ma","Did"
"0426","Se_vuoi","Did"
"0144","Se_vuoi","Did"
"0435","Son_questidoli","Did"
"0161","Agitata_e","Did"
"0832","Vorrei_disciogliere","Did"
"1988","Vorrei_disciogliere","Did"
"0360","Vorrei_disciogliere","Did"
"2528","Non_ho","Did"
"0074","Tormento_il","Did"
"0208","Tormento_il","Did"
"2529","Tormento_il","Did"
"0277","Tormento_il","Did"
"0516","La_caduta","Did"
"0269","La_caduta","Did"
"0329","La_caduta","Did"
"2530","Io_damore","Did"
"0276","Io_damore","Did"
"0810","Io_damore","Did"
"0450","Prende_ardire","Did"
"0162","Se_ti","Did"
"0163","Sorge_cosi","Did"
"0054","Aura_con","Did"
"0138","Cara_lavverso","Did"
"0073","Sono_tanti","Did"
"0254","Io_veggo","Did"
"0178","Io_veggo","Did"
"0169","Parto_bell","Did"
"0175","Ah_non_sai","Did"
"0369","Ah_non_sai","Did"
"0294","Ah_non_sai","Did"
"0429","Ah_non_sai","Did"
"0176","Cosi_fra","Did"
"0232","Ombra_cara","Did"
"0367","Ombra_cara","Did"
"0449","Ombra_cara","Did"
"0220","Lungi_dal","Did"
"0249","Non_so","Did"
"0332","Non_so","Did"
"0442","Non_so","Did"
"0253","Nell_affano","Did"
"0255","Fra_tutte","Did"
"0323","Fra_tutte","Did"
"0258","Infelice_abbandonata","Did"
"0263","Quel_nocchier","Did"
"0261","Teneri_affetti","Did"
"0248","Pace_non","Did"
"0358","Datre_nubi","Did"
"0382","Infidel_ti","Did"
"0768","Non_fara","Did"
"0770","Per_pieta","Did"
"0345","Per_pieta","Did"
"0831","Deh_resta","Did"
"0771","La_face","Did"
"0310","Placa_il","Did"
"0308","No_non_parti","Did"
"0305","Quanto_per","Did"
"0312","Passagier_che","Did"
"0333","Nel_mirar","Did"
"0350","Non_partir","Did"
"0339","Se_il","Did"
"0354","Se_un","Did"
"0437","Se_un","Did"
"0355","Voglio_che","Did"
"0331","Morire_oh","Did"
"0321","So_che","Did"
"0238","Ah_le","Did"
"0247","Sho_la","Did"
"0299","Rupe_esposta","Did"
"0370","Ah_non_lasciarmi_ingrato","Did"
"0368","Quando_freme","Did"
"0414","Bel_labbro","Did"
"0381","Scherza_il","Did"
"0745","Quanto_mai","Ezi"
"2213","Non_e","Las"
"2125","Se_tu","Sir"
"2124","La_sorte","Sir"
