"name","value"
"n_known","297"
"n_galuppi","136"
"n_perez","161"
"n_unknown","3"
"n_total","300"
"n_features_gp_csv","8244"
"n_train","207"
"n_test","90"
"n_test_galuppi","41"
"n_test_perez","49"
"p_train","530"
"p_all","530"
"n_boot","1e+05"
"cov_marginal_binary","0.9863"
"cov_marginal_demofoonte","0.9981"
"cov_marginal_alessandro","0.9994"
"cov_marginal_ninety_binary","0.9623"
"cov_marginal_ninety_demofoonte","0.9925"
"cov_marginal_ninety_alessandro","0.9972"
"cov_marginal_eighty_binary","0.8961"
"cov_marginal_eighty_demofoonte","0.9689"
"cov_marginal_eighty_alessandro","0.9844"
"cov_seratio_binary","1.271"
"cov_seratio_demofoonte","1.738"
"cov_seratio_alessandro","2.002"
"cov_width_binary_pct","27.1"
"cov_width_demofoonte_pct","73.8"
"cov_width_alessandro_pct","100.2"
"cov_reps","1000"
"lambda_1se_train_ridge","0.167637196859296"
"lambda_1se_all_ridge","0.426201598232996"
"lambda_eln_train_ridge","0.167637196859296"
"lambda_eln_all_ridge","0.426201598232996"
"n_nonzero_lasso","32"
"n_signif_bh","22"
"n_signif_marginal","76"
"null_expected","26.5"
"z_fcr","3.07921452968677"
"z_fcr_multi","4.04197212983854"
"corr_lown_ambitus","-0.876042667548739"
"corr_vadesc_twin","1"
"corr_vadesc_octaves","0.818872969056479"
"corr_h2sd_vi","0.605301317010667"
"corr_h2sd_1sd","0.558765826388785"
"corr_h2sd_iv","0.520528926236862"
"corr_dyn_oboe","0.60980872567307"
"max_pct_change","14.0361506099515"
"acc_MC","0.544444444444444"
"acc_LL_raw","0.955555555555556"
"acc_RL_raw","0.955555555555556"
"acc_RF_raw","0.933333333333333"
"acc_AutoML_raw","0.955555555555556"
"auc_MC","0.5"
"auc_LL_raw","0.979094076655052"
"auc_RL_raw","0.978098556495769"
"auc_RF_raw","0.986560477849676"
"auc_AutoML_raw","0.984071677451468"
"f1_MC","0.352517985611511"
"f1_LL_raw","0.95475113122172"
"f1_RL_raw","0.95475113122172"
"f1_RF_raw","0.93168016194332"
"f1_AutoML_raw","0.95475113122172"
"p_rl_MC","1"
"p_rl_LL_raw","1"
"p_rl_RL_raw",NA
"p_rl_RF_raw","1"
"p_rl_AutoML_raw","0.653163468365316"
"p_f1_rl_MC","1"
"p_f1_rl_LL_raw","1"
"p_f1_rl_RL_raw",NA
"p_f1_rl_RF_raw","1"
"p_f1_rl_AutoML_raw","0.653163468365316"
"p_mc_MC",NA
"p_mc_LL_raw","9.99990000099999e-06"
"p_mc_RL_raw","9.99990000099999e-06"
"p_mc_RF_raw","9.99990000099999e-06"
"p_mc_AutoML_raw","9.99990000099999e-06"
"p_f1_mc_MC",NA
"p_f1_mc_LL_raw","9.99990000099999e-06"
"p_f1_mc_RL_raw","9.99990000099999e-06"
"p_f1_mc_RF_raw","9.99990000099999e-06"
"p_f1_mc_AutoML_raw","9.99990000099999e-06"
"p_mc_max","9.99990000099999e-06"
"p_perez_1239","0.155488862198018"
"p_perez_1241","0.28046343381447"
"p_perez_1242","0.0530129496021265"
"p_ci_low_1239","0.0522610149746489"
"p_ci_low_1241","0.0934505746252846"
"p_ci_low_1242","0.0142131704417618"
"p_ci_up_1239","0.380709183694926"
"p_ci_up_1241","0.595773425423445"
"p_ci_up_1242","0.178546347191524"
"p_galuppi_1239","0.844511137801982"
"p_galuppi_1241","0.71953656618553"
"p_galuppi_1242","0.946987050397874"
"p_galuppi_ci_low_1239","0.619290816305074"
"p_galuppi_ci_low_1241","0.404226574576555"
"p_galuppi_ci_low_1242","0.821453652808476"
"p_galuppi_ci_up_1239","0.947738985025351"
"p_galuppi_ci_up_1241","0.906549425374715"
"p_galuppi_ci_up_1242","0.985786829558238"
"unk_prob_train_1239","0.930570802467299"
"unk_prob_train_1241","0.506932360324487"
"unk_prob_train_1242","0.969624601058709"
"multi_n_known","424"
"multi_n_train","296"
"multi_n_test","128"
"multi_p_train","552"
"multi_p_all","566"
"multi_acc_MC","0.453125"
"multi_acc_LL","0.71875"
"multi_acc_RL","0.78125"
"multi_acc_RF","0.7578125"
"multi_acc_AutoML","0.875"
"multi_f1_MC","0.124731182795699"
"multi_f1_LL","0.401778221925035"
"multi_f1_RL","0.492103916816835"
"multi_f1_RF","0.431185407687954"
"multi_f1_AutoML","0.666387595062731"
"multi_p_rl_MC","1"
"multi_p_rl_LL","0.974160258397416"
"multi_p_rl_RL",NA
"multi_p_rl_RF","0.799822001779982"
"multi_p_rl_AutoML","0.000139998600014"
"multi_p_f1_rl_MC","1"
"multi_p_f1_rl_LL","0.949840501594984"
"multi_p_f1_rl_RL",NA
"multi_p_f1_rl_RF","0.855751442485575"
"multi_p_f1_rl_AutoML","9.99990000099999e-06"
"multi_p_mc_MC",NA
"multi_p_mc_LL","9.99990000099999e-06"
"multi_p_mc_RL","9.99990000099999e-06"
"multi_p_mc_RF","9.99990000099999e-06"
"multi_p_mc_AutoML","9.99990000099999e-06"
"multi_p_f1_mc_MC",NA
"multi_p_f1_mc_LL","9.99990000099999e-06"
"multi_p_f1_mc_RL","9.99990000099999e-06"
"multi_p_f1_mc_RF","9.99990000099999e-06"
"multi_p_f1_mc_AutoML","9.99990000099999e-06"
"multi_recall_BaldassareGaluppi","0.880952380952381"
"multi_recall_GennaroManna","0.272727272727273"
"multi_recall_GioacchinoCocchi","0"
"multi_recall_JohannAdolphHasse","0.96551724137931"
"multi_recall_JohannChristianBach","0.285714285714286"
"multi_n_bach_test","14"
"multi_n_bach_as_galuppi","7"
"multi_n_bach_as_hasse","3"
"multi_n_manna_test","11"
"multi_n_manna_as_galuppi","7"
"multi_n_manna_as_hasse","0"
"multi_n_galuppi_test","42"
"multi_n_galuppi_as_hasse","2"
"multi_lambda_1se","0.12038541922934"
"multi_lambda_eln","0.06019270961467"
"multi_lambda_1se_train","0.213279769845303"
"multi_lambda_eln_train","0.106639884922652"
"multi_diff_galuppi_hasse_1241","0.822774101652572"
"multi_diff_galuppi_hasse_1242","0.883660277876488"
"multi_lo_galuppi_hasse_1241","2.50999750667119"
"multi_lo_galuppi_hasse_1242","3.28564675119132"
"multi_lo_cilow_galuppi_hasse_1241","-0.384743927841396"
"multi_lo_cilow_galuppi_hasse_1242","0.698870742594913"
"multi_lo_ciup_galuppi_hasse_1241","5.40473894118378"
"multi_lo_ciup_galuppi_hasse_1242","5.87242275978773"
"multi_lo_galuppi_manna_1241","3.45433804129174"
"multi_lo_galuppi_manna_1242","3.01763924255647"
"multi_lo_cilow_galuppi_manna_1241","0.601326255645175"
"multi_lo_cilow_galuppi_manna_1242","0.548090132679671"
"multi_lo_ciup_galuppi_manna_1241","6.30734982693831"
"multi_lo_ciup_galuppi_manna_1242","5.48718835243327"
"multi_n_signif","3"
"multi_n_signif_marginal","103"
"multi_prob_train_1241","0.866777876632929"
"multi_prob_train_1242","0.864203235445774"
"ale_prob_train_1239","0.820628523202633"
"multi_p_BaldassareGaluppi_1241","0.895554413442473"
"multi_p_GennaroManna_1241","0.0283068816111154"
"multi_p_GioacchinoCocchi_1241","0.00118074889960124"
"multi_p_JohannAdolphHasse_1241","0.0727803117899011"
"multi_p_JohannChristianBach_1241","0.00217764425690908"
"multi_p_BaldassareGaluppi_1242","0.918008843953675"
"multi_p_GennaroManna_1242","0.0449058368048905"
"multi_p_GioacchinoCocchi_1242","0.00171978328572894"
"multi_p_JohannAdolphHasse_1242","0.0343485660771873"
"multi_p_JohannChristianBach_1242","0.00101696987851801"
"multi_cilow_BaldassareGaluppi_1241","0.405568137223036"
"multi_cilow_GennaroManna_1241","0.00185523699974141"
"multi_cilow_GioacchinoCocchi_1241","6.86755991858219e-05"
"multi_cilow_JohannAdolphHasse_1241","0.00452218048316927"
"multi_cilow_JohannChristianBach_1241","0.000127233261474329"
"multi_cilow_BaldassareGaluppi_1242","0.566792846410306"
"multi_cilow_GennaroManna_1242","0.00415080794487323"
"multi_cilow_GioacchinoCocchi_1242","0.000127179814724613"
"multi_cilow_JohannAdolphHasse_1242","0.00282372945772057"
"multi_cilow_JohannChristianBach_1242","7.56191375970986e-05"
"multi_ciup_BaldassareGaluppi_1241","0.990805116782521"
"multi_ciup_GennaroManna_1241","0.313461811092689"
"multi_ciup_GioacchinoCocchi_1241","0.0199416432623977"
"multi_ciup_JohannAdolphHasse_1241","0.575600461598876"
"multi_ciup_JohannChristianBach_1241","0.0360788749807471"
"multi_ciup_BaldassareGaluppi_1242","0.989670962405371"
"multi_ciup_GennaroManna_1242","0.346560741802553"
"multi_ciup_GioacchinoCocchi_1242","0.022800908302614"
"multi_ciup_JohannAdolphHasse_1242","0.308825425432151"
"multi_ciup_JohannChristianBach_1242","0.013518372116464"
"ale_n_known","654"
"ale_n_train","456"
"ale_n_test","198"
"ale_p_train","544"
"ale_p_all","550"
"ale_acc_MC","0.343434343434343"
"ale_acc_LL","0.838383838383838"
"ale_acc_RL","0.878787878787879"
"ale_acc_RF","0.767676767676768"
"ale_acc_AutoML","0.883838383838384"
"ale_f1_MC","0.0852130325814536"
"ale_f1_LL","0.746383012696542"
"ale_f1_RL","0.826575423147203"
"ale_f1_RF","0.548921448921449"
"ale_f1_AutoML","0.851316061157745"
"ale_p_rl_MC","1"
"ale_p_rl_LL","0.961460385396146"
"ale_p_rl_RL",NA
"ale_p_rl_RF","0.999970000299997"
"ale_p_rl_AutoML","0.459115408845912"
"ale_p_f1_rl_MC","1"
"ale_p_f1_rl_LL","0.94270057299427"
"ale_p_f1_rl_RL",NA
"ale_p_f1_rl_RF","1"
"ale_p_f1_rl_AutoML","0.224877751222488"
"ale_p_mc_MC",NA
"ale_p_mc_LL","9.99990000099999e-06"
"ale_p_mc_RL","9.99990000099999e-06"
"ale_p_mc_RF","9.99990000099999e-06"
"ale_p_mc_AutoML","9.99990000099999e-06"
"ale_p_f1_mc_MC",NA
"ale_p_f1_mc_LL","9.99990000099999e-06"
"ale_p_f1_mc_RL","9.99990000099999e-06"
"ale_p_f1_mc_RF","9.99990000099999e-06"
"ale_p_f1_mc_AutoML","9.99990000099999e-06"
"ale_recall_BaldassareGaluppi","0.822222222222222"
"ale_recall_DavidePerez","0.959183673469388"
"ale_recall_DomenicoNataleSarro","0.692307692307692"
"ale_recall_GaetanoMariaSchiassi","0.666666666666667"
"ale_recall_MicheleCaballone","0.529411764705882"
"ale_recall_NiccolJommelli","1"
"ale_n_test_errors","24"
"ale_n_err_jommelli","10"
"ale_lambda_1se","0.0487979541756417"
"ale_lambda_eln","0.0243989770878208"
"ale_diff_galuppi_jommelli_1239","0.841227288988936"
"ale_lo_galuppi_jommelli_1239","2.86683690109454"
"ale_lo_cilow_galuppi_jommelli_1239","-0.132830114781799"
"ale_lo_ciup_galuppi_jommelli_1239","5.86650391697087"
"ale_p_BaldassareGaluppi_1239","0.891960726055338"
"ale_p_DavidePerez_1239","0.0277340594056291"
"ale_p_DomenicoNataleSarro_1239","0.0122196854280555"
"ale_p_GaetanoMariaSchiassi_1239","0.00468077438901069"
"ale_p_MicheleCaballone_1239","0.012671317655565"
"ale_p_NiccolJommelli_1239","0.0507334370664018"
"ale_cilow_BaldassareGaluppi_1239","0.422258142162181"
"ale_cilow_DavidePerez_1239","0.00157842809701437"
"ale_cilow_DomenicoNataleSarro_1239","0.000690811004914477"
"ale_cilow_GaetanoMariaSchiassi_1239","0.000242486298291304"
"ale_cilow_MicheleCaballone_1239","0.000685180132354448"
"ale_cilow_NiccolJommelli_1239","0.0028935672995862"
"ale_ciup_BaldassareGaluppi_1239","0.989390769083571"
"ale_ciup_DavidePerez_1239","0.339798985820811"
"ale_ciup_DomenicoNataleSarro_1239","0.181254527380399"
"ale_ciup_GaetanoMariaSchiassi_1239","0.0835641808102158"
"ale_ciup_MicheleCaballone_1239","0.193694481685377"
"ale_ciup_NiccolJommelli_1239","0.496039713978238"
"pctl_1239_SoundVaLowestNoteIndex","60"
"pctl_1239_HarmonyChordsGrouping2SDPer","62"
"pctl_1239_HarmonyChordviPer","77"
"pctl_1239_PartVnDegree1Perrelative","60"
"pctl_1239_PartVnDegree6Perrelative","79"
"pctl_1239_ScoreDegree1Perrelative","36"
"pctl_1239_PartBsDegree2Perrelative","78"
"pctl_1239_HarmonyChordsGrouping2TPer","67"
"pctl_1239_HarmonyChordsGrouping1sdPer","77"
"pctl_1239_HarmonyKeyiiiPercentageMeasures","47"
"pctl_1239_PartVnIIIntervalmDesc6Per","62"
"pctl_1239_SoundVaDescendingIntervallicStd","19"
"pctl_1239_PartBsDegree6Perrelative","45"
"pctl_1239_PartVnIIntervalsMajorAllPer","96"
"pctl_1239_PartBsDegree3Perrelative","63"
"pctl_1239_PartBsDegree1Perrelative","25"
"pctl_1239_SoundBsAmbitus","49"
"pctl_1239_PartVnDegree3Perrelative","15"
"pctl_1239_ScoreDegree6Perrelative","58"
"pctl_1239_PartHnIIIntervalPDesc8Per","74"
"pctl_1239_SoundVaIntervalPDesc4Per","76"
"pctl_1239_SoundVaIntervalM3Per","54"
"pctl_1239_SoundBsHighestNoteIndex","43"
"pctl_1239_PartHnIIIntervalP8Per","62"
"pctl_1239_SoundVaIntervalmDesc6Per","57"
"pctl_1239_PartVnIDescPartBsTexture","80"
"pctl_1239_PartVnIDegree1Perrelative","73"
"pctl_1239_SoundVaIntervalM2Per","82"
"pctl_1239_ScoreIntervalP4Per","86"
"pctl_1239_ScoreDegree2Perrelative","71"
"pctl_1239_PartVnIDegree3Perrelative","15"
"pctl_1239_SoundVaHighestNoteIndex","93"
"pctl_1239_ScoreIntervalPDesc8Per","21"
"pctl_1239_HarmonyKeyModulatoryvi","96"
"pctl_1239_PartVnIDegree7Perrelative","94"
"pctl_1239_ScoreDegreeDesc4Perrelative","52"
"pctl_1239_ScoreDynMeanweighted","53"
"pctl_1239_PartVnIIDegree3Perrelative","29"
"pctl_1239_PartVaDegree2Perrelative","58"
"pctl_1239_SoundVaIntervalP5Per","61"
"pctl_1239_SoundObIntervalM7Per","82"
"pctl_1239_PartVnIIDynGrad","43"
"pctl_1239_PartBsDynMean","62"
"pctl_1239_NumericTempo","57"
"pctl_1239_PartVnIIntervalM3Per","12"
"pctl_1239_PartVaDegree5Perrelative","38"
"pctl_1239_SoundVaLargestSemitonesAsc","50"
"pctl_1239_PartBsDegree4Perrelative","62"
"pctl_1239_SoundSopIntervalA2Per","95"
"pctl_1239_PartHnIIIntervalM3Per","76"
"pctl_1239_PartVaDynMean","62"
"pctl_1239_PartVnIDegreeDesc4Perrelative","47"
"pctl_1239_PartVnIIDegreeDesc6Perrelative","63"
"pctl_1239_PartVnIAccavgabsstep4Desc0","87"
"pctl_1239_SoundBsIntervalPDesc5Per","90"
"pctl_1239_PartBsDegree5Perrelative","60"
"pctl_1239_PartVnIIntervalsMajorAscPer","53"
"pctl_1239_PartHnIIIntervalm3Per","72"
"pctl_1239_HarmonyChordIVPer","43"
"pctl_1239_PartVnIIDegreeDesc4Perrelative","68"
"pctl_1239_ScoreAbsoluteIntervallicTrimDiff","3"
"pctl_1239_SoundSopIntervalm3Per","87"
"pctl_1239_SoundBsDescendingIntervallicStd","19"
"pctl_1239_HarmonyChordtypesmajorDesctriad","49"
"pctl_1239_PartObIIIntervalP4Per","60"
"pctl_1239_SoundVaAbsoluteIntervallicTrimDiff","20"
"pctl_1239_SoundVaIntervallicTrimDiff","39"
"pctl_1239_ScoreIntervalP8Per","10"
"pctl_1239_SoundVaIntervalP8Per","24"
"pctl_1239_SoundVaAbsoluteIntervallicKurtosis","47"
"pctl_1239_PartHnIIIntervalP4Per","60"
"pctl_1239_SoundHnIntervalPDesc5Per","60"
"pctl_1239_ScoreAbsoluteIntervallicStd","12"
"pctl_1239_ScoreDescendingIntervallicStd","2"
"pctl_1239_PartVaDegree1Perrelative","65"
"pctl_1239_ScoreLowestNoteIndex","65"
"pctl_1241_SoundVaLowestNoteIndex","26"
"pctl_1241_HarmonyChordsGrouping2SDPer","30"
"pctl_1241_HarmonyChordviPer","49"
"pctl_1241_PartVnDegree1Perrelative","90"
"pctl_1241_PartVnDegree6Perrelative","11"
"pctl_1241_ScoreDegree1Perrelative","89"
"pctl_1241_PartBsDegree2Perrelative","82"
"pctl_1241_HarmonyChordsGrouping2TPer","79"
"pctl_1241_HarmonyChordsGrouping1sdPer","41"
"pctl_1241_HarmonyKeyiiiPercentageMeasures","49"
"pctl_1241_PartVnIIIntervalmDesc6Per","99"
"pctl_1241_SoundVaDescendingIntervallicStd","88"
"pctl_1241_PartBsDegree6Perrelative","43"
"pctl_1241_PartVnIIntervalsMajorAllPer","5"
"pctl_1241_PartBsDegree3Perrelative","25"
"pctl_1241_PartBsDegree1Perrelative","72"
"pctl_1241_SoundBsAmbitus","99"
"pctl_1241_PartVnDegree3Perrelative","44"
"pctl_1241_ScoreDegree6Perrelative","11"
"pctl_1241_PartHnIIIntervalPDesc8Per","74"
"pctl_1241_SoundVaIntervalPDesc4Per","83"
"pctl_1241_SoundVaIntervalM3Per","15"
"pctl_1241_SoundBsHighestNoteIndex","97"
"pctl_1241_PartHnIIIntervalP8Per","62"
"pctl_1241_SoundVaIntervalmDesc6Per","92"
"pctl_1241_PartVnIDescPartBsTexture","15"
"pctl_1241_PartVnIDegree1Perrelative","86"
"pctl_1241_SoundVaIntervalM2Per","17"
"pctl_1241_ScoreIntervalP4Per","53"
"pctl_1241_ScoreDegree2Perrelative","21"
"pctl_1241_PartVnIDegree3Perrelative","62"
"pctl_1241_SoundVaHighestNoteIndex","62"
"pctl_1241_ScoreIntervalPDesc8Per","46"
"pctl_1241_HarmonyKeyModulatoryvi","60"
"pctl_1241_PartVnIDegree7Perrelative","57"
"pctl_1241_ScoreDegreeDesc4Perrelative","88"
"pctl_1241_ScoreDynMeanweighted","99"
"pctl_1241_PartVnIIDegree3Perrelative","37"
"pctl_1241_PartVaDegree2Perrelative","54"
"pctl_1241_SoundVaIntervalP5Per","93"
"pctl_1241_SoundObIntervalM7Per","82"
"pctl_1241_PartVnIIDynGrad","9"
"pctl_1241_PartBsDynMean","36"
"pctl_1241_NumericTempo","54"
"pctl_1241_PartVnIIntervalM3Per","4"
"pctl_1241_PartVaDegree5Perrelative","68"
"pctl_1241_SoundVaLargestSemitonesAsc","85"
"pctl_1241_PartBsDegree4Perrelative","6"
"pctl_1241_SoundSopIntervalA2Per","95"
"pctl_1241_PartHnIIIntervalM3Per","76"
"pctl_1241_PartVaDynMean","38"
"pctl_1241_PartVnIDegreeDesc4Perrelative","95"
"pctl_1241_PartVnIIDegreeDesc6Perrelative","63"
"pctl_1241_PartVnIAccavgabsstep4Desc0","4"
"pctl_1241_SoundBsIntervalPDesc5Per","46"
"pctl_1241_PartBsDegree5Perrelative","66"
"pctl_1241_PartVnIIntervalsMajorAscPer","9"
"pctl_1241_PartHnIIIntervalm3Per","72"
"pctl_1241_HarmonyChordIVPer","43"
"pctl_1241_PartVnIIDegreeDesc4Perrelative","92"
"pctl_1241_ScoreAbsoluteIntervallicTrimDiff","33"
"pctl_1241_SoundSopIntervalm3Per","46"
"pctl_1241_SoundBsDescendingIntervallicStd","62"
"pctl_1241_HarmonyChordtypesmajorDesctriad","49"
"pctl_1241_PartObIIIntervalP4Per","60"
"pctl_1241_SoundVaAbsoluteIntervallicTrimDiff","93"
"pctl_1241_SoundVaIntervallicTrimDiff","39"
"pctl_1241_ScoreIntervalP8Per","22"
"pctl_1241_SoundVaIntervalP8Per","64"
"pctl_1241_SoundVaAbsoluteIntervallicKurtosis","32"
"pctl_1241_PartHnIIIntervalP4Per","60"
"pctl_1241_SoundHnIntervalPDesc5Per","60"
"pctl_1241_ScoreAbsoluteIntervallicStd","68"
"pctl_1241_ScoreDescendingIntervallicStd","63"
"pctl_1241_PartVaDegree1Perrelative","79"
"pctl_1241_ScoreLowestNoteIndex","26"
"pctl_1242_SoundVaLowestNoteIndex","26"
"pctl_1242_HarmonyChordsGrouping2SDPer","87"
"pctl_1242_HarmonyChordviPer","83"
"pctl_1242_PartVnDegree1Perrelative","90"
"pctl_1242_PartVnDegree6Perrelative","35"
"pctl_1242_ScoreDegree1Perrelative","51"
"pctl_1242_PartBsDegree2Perrelative","99"
"pctl_1242_HarmonyChordsGrouping2TPer","21"
"pctl_1242_HarmonyChordsGrouping1sdPer","88"
"pctl_1242_HarmonyKeyiiiPercentageMeasures","96"
"pctl_1242_PartVnIIIntervalmDesc6Per","94"
"pctl_1242_SoundVaDescendingIntervallicStd","95"
"pctl_1242_PartBsDegree6Perrelative","45"
"pctl_1242_PartVnIIntervalsMajorAllPer","22"
"pctl_1242_PartBsDegree3Perrelative","94"
"pctl_1242_PartBsDegree1Perrelative","10"
"pctl_1242_SoundBsAmbitus","97"
"pctl_1242_PartVnDegree3Perrelative","2"
"pctl_1242_ScoreDegree6Perrelative","35"
"pctl_1242_PartHnIIIntervalPDesc8Per","74"
"pctl_1242_SoundVaIntervalPDesc4Per","85"
"pctl_1242_SoundVaIntervalM3Per","38"
"pctl_1242_SoundBsHighestNoteIndex","93"
"pctl_1242_PartHnIIIntervalP8Per","62"
"pctl_1242_SoundVaIntervalmDesc6Per","43"
"pctl_1242_PartVnIDescPartBsTexture","63"
"pctl_1242_PartVnIDegree1Perrelative","98"
"pctl_1242_SoundVaIntervalM2Per","90"
"pctl_1242_ScoreIntervalP4Per","95"
"pctl_1242_ScoreDegree2Perrelative","91"
"pctl_1242_PartVnIDegree3Perrelative","7"
"pctl_1242_SoundVaHighestNoteIndex","99"
"pctl_1242_ScoreIntervalPDesc8Per","95"
"pctl_1242_HarmonyKeyModulatoryvi","34"
"pctl_1242_PartVnIDegree7Perrelative","67"
"pctl_1242_ScoreDegreeDesc4Perrelative","21"
"pctl_1242_ScoreDynMeanweighted","64"
"pctl_1242_PartVnIIDegree3Perrelative","4"
"pctl_1242_PartVaDegree2Perrelative","87"
"pctl_1242_SoundVaIntervalP5Per","87"
"pctl_1242_SoundObIntervalM7Per","82"
"pctl_1242_PartVnIIDynGrad","27"
"pctl_1242_PartBsDynMean","35"
"pctl_1242_NumericTempo","14"
"pctl_1242_PartVnIIntervalM3Per","69"
"pctl_1242_PartVaDegree5Perrelative","64"
"pctl_1242_SoundVaLargestSemitonesAsc","96"
"pctl_1242_PartBsDegree4Perrelative","46"
"pctl_1242_SoundSopIntervalA2Per","95"
"pctl_1242_PartHnIIIntervalM3Per","76"
"pctl_1242_PartVaDynMean","36"
"pctl_1242_PartVnIDegreeDesc4Perrelative","29"
"pctl_1242_PartVnIIDegreeDesc6Perrelative","76"
"pctl_1242_PartVnIAccavgabsstep4Desc0","39"
"pctl_1242_SoundBsIntervalPDesc5Per","46"
"pctl_1242_PartBsDegree5Perrelative","65"
"pctl_1242_PartVnIIntervalsMajorAscPer","38"
"pctl_1242_PartHnIIIntervalm3Per","72"
"pctl_1242_HarmonyChordIVPer","37"
"pctl_1242_PartVnIIDegreeDesc4Perrelative","35"
"pctl_1242_ScoreAbsoluteIntervallicTrimDiff","81"
"pctl_1242_SoundSopIntervalm3Per","33"
"pctl_1242_SoundBsDescendingIntervallicStd","90"
"pctl_1242_HarmonyChordtypesmajorDesctriad","24"
"pctl_1242_PartObIIIntervalP4Per","60"
"pctl_1242_SoundVaAbsoluteIntervallicTrimDiff","51"
"pctl_1242_SoundVaIntervallicTrimDiff","38"
"pctl_1242_ScoreIntervalP8Per","62"
"pctl_1242_SoundVaIntervalP8Per","88"
"pctl_1242_SoundVaAbsoluteIntervallicKurtosis","13"
"pctl_1242_PartHnIIIntervalP4Per","60"
"pctl_1242_SoundHnIntervalPDesc5Per","60"
"pctl_1242_ScoreAbsoluteIntervallicStd","90"
"pctl_1242_ScoreDescendingIntervallicStd","94"
"pctl_1242_PartVaDegree1Perrelative","13"
"pctl_1242_ScoreLowestNoteIndex","26"
"ex_cosi_scoreoct_pct","12.2495706926159"
"ex_gal_scoreoct_pct","2.18003692785319"
"ex_perez_scoreoct_pct","1.39653027323204"
"ex_quelnocchier_vathirds_pct","21.4953271028037"
"ex_perez_vathirds_pct","4.04985001480558"
"ex_gal_vathirds_pct","2.37379198664041"
"ex_sonregina_sd_pct","34.21926910299"
"ex_gal_sd_pct","22.5239456011116"
"ex_perez_sd_pct","17.7780706159347"
"ex_sonregina_sdminor_pct","21.9269102990033"
"ex_gal_sdminor_pct","13.1177384293843"
"ex_sonregina_vi_pct","7.97342192691029"
"ex_gal_vi_pct","2.46257978138837"
"ex_perez_vi_pct","0.879949622279173"
"ex_dyn_laface","15.6869262424818"
"ex_dyn_gal","51.743159414308"
"ex_dyn_vivisuperbo","75.1855023666618"
"ex_dyn_hasse","60.32710785074"
"vote_ll_1239","G"
"vote_ll_1241","G"
"vote_ll_1242","G"
"vote_rl_1239","G"
"vote_rl_1241","G"
"vote_rl_1242","G"
"vote_rf_1239","G"
"vote_rf_1241","G"
"vote_rf_1242","G"
"vote_automl_1239","G"
"vote_automl_1241","G"
"vote_automl_1242","G"
"multi_automl_leader","a feed-forward neural network"
"ci_rl_MC","(-0.5111, -0.3111)"
"ci_rl_LL_raw","(0.0000, 0.0000)"
"ci_rl_RL_raw",NA
"ci_rl_RF_raw","(-0.0556, 0.0000)"
"ci_rl_AutoML_raw","(-0.0333, 0.0333)"
"ci_f1_rl_MC","(-0.6575, -0.5448)"
"ci_f1_rl_LL_raw","(0.0000, 0.0000)"
"ci_f1_rl_RL_raw",NA
"ci_f1_rl_RF_raw","(-0.0587, 0.0000)"
"ci_f1_rl_AutoML_raw","(-0.0340, 0.0340)"
"ci_mc_MC",NA
"ci_mc_LL_raw","(0.3111, 0.5111)"
"ci_mc_RL_raw","(0.3111, 0.5111)"
"ci_mc_RF_raw","(0.2889, 0.4889)"
"ci_mc_AutoML_raw","(0.3111, 0.5111)"
"ci_f1_mc_MC",NA
"ci_f1_mc_LL_raw","(0.5448, 0.6575)"
"ci_f1_mc_RL_raw","(0.5448, 0.6575)"
"ci_f1_mc_RF_raw","(0.5149, 0.6383)"
"ci_f1_mc_AutoML_raw","(0.5448, 0.6569)"
"multi_ci_rl_MC","(-0.4141, -0.2422)"
"multi_ci_rl_LL","(-0.1328, 0.0078)"
"multi_ci_rl_RL",NA
"multi_ci_rl_RF","(-0.0859, 0.0391)"
"multi_ci_rl_AutoML","(0.0391, 0.1484)"
"multi_ci_f1_rl_MC","(-0.4540, -0.2672)"
"multi_ci_f1_rl_LL","(-0.1888, 0.0163)"
"multi_ci_f1_rl_RL",NA
"multi_ci_f1_rl_RF","(-0.1651, 0.0484)"
"multi_ci_f1_rl_AutoML","(0.0961, 0.2645)"
"multi_ci_mc_MC",NA
"multi_ci_mc_LL","(0.1719, 0.3594)"
"multi_ci_mc_RL","(0.2422, 0.4141)"
"multi_ci_mc_RF","(0.2266, 0.3906)"
"multi_ci_mc_AutoML","(0.3281, 0.5156)"
"multi_ci_f1_mc_MC",NA
"multi_ci_f1_mc_LL","(0.2079, 0.3366)"
"multi_ci_f1_mc_RL","(0.2672, 0.4540)"
"multi_ci_f1_mc_RF","(0.2302, 0.3666)"
"multi_ci_f1_mc_AutoML","(0.4585, 0.6068)"
"ale_ci_rl_MC","(-0.6061, -0.4646)"
"ale_ci_rl_LL","(-0.0909, 0.0051)"
"ale_ci_rl_RL",NA
"ale_ci_rl_RF","(-0.1667, -0.0556)"
"ale_ci_rl_AutoML","(-0.0404, 0.0505)"
"ale_ci_f1_rl_MC","(-0.8092, -0.6341)"
"ale_ci_f1_rl_LL","(-0.1964, 0.0184)"
"ale_ci_f1_rl_RL",NA
"ale_ci_f1_rl_RF","(-0.3610, -0.1654)"
"ale_ci_f1_rl_AutoML","(-0.0411, 0.0936)"
"ale_ci_mc_MC",NA
"ale_ci_mc_LL","(0.4141, 0.5707)"
"ale_ci_mc_RL","(0.4646, 0.6061)"
"ale_ci_mc_RF","(0.3485, 0.5000)"
"ale_ci_mc_AutoML","(0.4596, 0.6162)"
"ale_ci_f1_mc_MC",NA
"ale_ci_f1_mc_LL","(0.5434, 0.7514)"
"ale_ci_f1_mc_RL","(0.6341, 0.8092)"
"ale_ci_f1_mc_RF","(0.4004, 0.5192)"
"ale_ci_f1_mc_AutoML","(0.6638, 0.8300)"
"ex_gal_vadeg1_pct","25.6544112910738"
"ex_hasse_vadeg1_pct","20.0979169005004"
"n_no_tempo","23"
"n_tempo_fast","133"
"n_tempo_moderate","108"
"n_tempo_slow","30"
"dbl_gal_pct","69.6561987021156"
"dbl_perez_pct","73.7975933579606"
"dbl_hasse_pct","59.3783098105865"
"dbl_1239_pct","69.9570815450644"
"dbl_1241_pct","100"
"dbl_1242_pct","100"
"dbl_laface_pct","78.3561643835616"
"dbl_vivisuperbo_pct","54.3778801843318"
"n_tonic_gal","11089"
"n_tonic_perez","13637"
"inv_gal_first_pct","30.7241410406709"
"inv_perez_first_pct","22.4976167778837"
"inv_gal_second_pct","2.85868879069348"
"inv_perez_second_pct","4.76644423260248"
