AriaId,Composer,n_viola_over_bass,n_doubled,n_viola_over_rest,doubling_share
0012,Johann Adolph Hasse,448,326,4,0.7276785714285714
0013,Johann Adolph Hasse,471,282,9,0.5987261146496815
0017,Davide Perez,413,316,2,0.7651331719128329
0022,Johann Adolph Hasse,331,221,2,0.6676737160120846
0033,Davide Perez,922,605,0,0.6561822125813449
0034,Davide Perez,282,228,0,0.8085106382978723
0083,Johann Adolph Hasse,280,149,1,0.5321428571428571
0088,Gennaro Manna,322,173,16,0.5372670807453416
0089,Baldassare Galuppi,369,256,2,0.6937669376693767
0093,Davide Perez,487,410,0,0.8418891170431212
0096,Johann Adolph Hasse,357,220,4,0.6162464985994398
0101,Johann Adolph Hasse,473,209,2,0.4418604651162791
0105,Davide Perez,451,394,1,0.8736141906873615
0109,Baldassare Galuppi,768,621,96,0.80859375
0110,Baldassare Galuppi,437,324,0,0.7414187643020596
0113,Johann Adolph Hasse,255,128,0,0.5019607843137255
0114,Gennaro Manna,373,272,0,0.7292225201072386
0115,Davide Perez,313,245,7,0.7827476038338658
0117,Baldassare Galuppi,260,260,0,1.0
0118,Johann Adolph Hasse,290,144,2,0.496551724137931
0123,Johann Adolph Hasse,349,301,0,0.8624641833810889
0129,Davide Perez,675,556,0,0.8237037037037037
0130,Baldassare Galuppi,486,471,0,0.9691358024691358
0147,Johann Adolph Hasse,614,401,0,0.6530944625407166
0148,Johann Adolph Hasse,315,156,6,0.49523809523809526
0151,Johann Adolph Hasse,313,187,0,0.597444089456869
0186,Johann Adolph Hasse,314,148,19,0.4713375796178344
0187,Johann Adolph Hasse,623,387,0,0.6211878009630819
0188,Johann Adolph Hasse,503,195,0,0.38767395626242546
0189,Johann Adolph Hasse,509,267,4,0.5245579567779961
0190,Johann Adolph Hasse,513,416,4,0.8109161793372319
0191,Johann Adolph Hasse,247,165,112,0.6680161943319838
0192,Johann Adolph Hasse,335,156,1,0.46567164179104475
0193,Johann Adolph Hasse,274,165,0,0.6021897810218978
0194,Johann Adolph Hasse,517,369,7,0.7137330754352031
0195,Johann Adolph Hasse,662,502,0,0.7583081570996979
0196,Johann Adolph Hasse,332,259,1,0.7801204819277109
0197,Johann Adolph Hasse,217,118,0,0.543778801843318
0212,Johann Adolph Hasse,406,345,0,0.8497536945812808
0213,Johann Adolph Hasse,505,302,10,0.598019801980198
0229,Johann Adolph Hasse,342,103,1,0.30116959064327486
0231,Johann Adolph Hasse,522,456,0,0.8735632183908046
0232,Johann Adolph Hasse,583,226,52,0.3876500857632933
0233,Davide Perez,350,223,0,0.6371428571428571
0235,Davide Perez,445,328,0,0.7370786516853932
0236,Davide Perez,369,258,0,0.6991869918699187
0239,Davide Perez,454,321,1,0.7070484581497798
0241,Davide Perez,948,647,7,0.6824894514767933
0244,Davide Perez,890,706,0,0.7932584269662921
0245,Davide Perez,480,480,0,1.0
0247,Davide Perez,553,518,6,0.9367088607594937
0249,Davide Perez,319,198,4,0.6206896551724138
0250,Davide Perez,304,267,11,0.8782894736842105
0252,Davide Perez,867,477,0,0.5501730103806228
0253,Davide Perez,483,352,2,0.7287784679089027
0255,Davide Perez,251,244,0,0.9721115537848606
0256,Davide Perez,411,301,0,0.732360097323601
0258,Davide Perez,890,782,0,0.8786516853932584
0261,Davide Perez,343,256,1,0.7463556851311953
0263,Davide Perez,979,580,2,0.59244126659857
0267,Davide Perez,266,221,10,0.8308270676691729
0268,Davide Perez,326,227,7,0.696319018404908
0485,Baldassare Galuppi,378,264,12,0.6984126984126984
0488,Baldassare Galuppi,302,183,0,0.6059602649006622
0493,Baldassare Galuppi,516,334,4,0.6472868217054264
0506,Baldassare Galuppi,679,319,0,0.4698085419734904
0515,Baldassare Galuppi,747,418,0,0.5595716198125836
0516,Baldassare Galuppi,302,113,22,0.3741721854304636
0540,Johann Adolph Hasse,454,244,4,0.5374449339207048
0541,Johann Adolph Hasse,489,274,3,0.5603271983640081
0542,Johann Adolph Hasse,454,304,0,0.6696035242290749
0543,Gennaro Manna,336,204,31,0.6071428571428571
0544,Gennaro Manna,303,248,0,0.8184818481848185
0545,Gennaro Manna,381,310,4,0.8136482939632546
0546,Gennaro Manna,336,280,0,0.8333333333333334
0547,Gennaro Manna,884,591,0,0.668552036199095
0548,Gennaro Manna,331,249,0,0.7522658610271903
0556,Johann Adolph Hasse,364,203,2,0.5576923076923077
0557,Gennaro Manna,740,540,41,0.7297297297297297
0558,Gennaro Manna,382,285,0,0.7460732984293194
0559,Gennaro Manna,677,677,0,1.0
0560,Gennaro Manna,564,387,0,0.6861702127659575
0561,Johann Adolph Hasse,420,225,24,0.5357142857142857
0562,Johann Adolph Hasse,389,289,3,0.7429305912596401
0563,Johann Adolph Hasse,613,515,1,0.8401305057096248
0564,Johann Adolph Hasse,906,678,1,0.7483443708609272
0565,Johann Adolph Hasse,302,225,4,0.7450331125827815
0566,Johann Adolph Hasse,370,278,4,0.7513513513513513
0567,Johann Adolph Hasse,809,408,0,0.5043263288009888
0568,Johann Adolph Hasse,327,186,5,0.5688073394495413
0569,Johann Adolph Hasse,409,212,0,0.5183374083129584
0570,Johann Adolph Hasse,436,314,9,0.7201834862385321
0571,Johann Adolph Hasse,514,404,1,0.7859922178988327
0572,Johann Adolph Hasse,375,266,2,0.7093333333333334
0573,Johann Adolph Hasse,359,273,6,0.7604456824512534
0574,Johann Adolph Hasse,239,200,1,0.8368200836820083
0575,Johann Adolph Hasse,383,242,2,0.6318537859007833
0576,Johann Adolph Hasse,271,256,1,0.9446494464944649
0577,Johann Adolph Hasse,355,255,1,0.7183098591549296
0578,Johann Adolph Hasse,662,508,0,0.7673716012084593
0579,Johann Adolph Hasse,173,96,0,0.5549132947976878
0608,Johann Adolph Hasse,497,360,1,0.7243460764587525
0609,Johann Adolph Hasse,281,185,11,0.6583629893238434
0610,Johann Adolph Hasse,289,197,2,0.6816608996539792
0611,Gennaro Manna,301,301,15,1.0
0612,Gennaro Manna,789,551,0,0.6983523447401775
0665,Baldassare Galuppi,441,383,0,0.8684807256235828
0666,Baldassare Galuppi,642,493,0,0.7679127725856698
0667,Baldassare Galuppi,422,343,1,0.8127962085308057
0668,Baldassare Galuppi,307,253,1,0.8241042345276873
0669,Baldassare Galuppi,716,564,22,0.7877094972067039
0670,Baldassare Galuppi,433,264,25,0.6096997690531177
0671,Baldassare Galuppi,431,348,3,0.8074245939675174
0672,Baldassare Galuppi,411,347,112,0.8442822384428224
0673,Baldassare Galuppi,149,98,0,0.6577181208053692
0674,Baldassare Galuppi,452,254,14,0.5619469026548672
0675,Baldassare Galuppi,390,224,17,0.5743589743589743
0676,Baldassare Galuppi,344,245,13,0.7122093023255814
0677,Baldassare Galuppi,400,249,12,0.6225
0678,Baldassare Galuppi,558,474,1,0.8494623655913979
0679,Baldassare Galuppi,235,231,0,0.9829787234042553
0680,Baldassare Galuppi,434,338,0,0.7788018433179723
0681,Baldassare Galuppi,917,528,0,0.5757906215921483
0682,Baldassare Galuppi,346,232,11,0.6705202312138728
0683,Baldassare Galuppi,790,755,0,0.9556962025316456
0684,Baldassare Galuppi,256,207,0,0.80859375
0685,Baldassare Galuppi,759,587,0,0.7733860342555995
0686,Baldassare Galuppi,376,351,0,0.9335106382978723
0687,Baldassare Galuppi,295,284,64,0.9627118644067797
0688,Baldassare Galuppi,233,200,0,0.8583690987124464
0689,Baldassare Galuppi,471,362,0,0.7685774946921444
0690,Davide Perez,851,638,12,0.7497062279670975
0691,Davide Perez,714,580,3,0.8123249299719888
0692,Davide Perez,346,278,0,0.8034682080924855
0693,Davide Perez,528,364,20,0.6893939393939394
0694,Davide Perez,122,97,1,0.7950819672131147
0695,Davide Perez,422,290,0,0.6872037914691943
0696,Davide Perez,387,304,4,0.7855297157622739
0697,Davide Perez,732,474,1,0.6475409836065574
0698,Davide Perez,671,500,1,0.7451564828614009
0699,Davide Perez,360,253,1,0.7027777777777777
0700,Baldassare Galuppi,662,318,48,0.48036253776435045
0701,Baldassare Galuppi,651,405,148,0.6221198156682027
0702,Baldassare Galuppi,360,297,34,0.825
0703,Baldassare Galuppi,810,573,0,0.7074074074074074
0704,Baldassare Galuppi,260,237,0,0.9115384615384615
0705,Baldassare Galuppi,842,295,0,0.3503562945368171
0706,Baldassare Galuppi,366,301,39,0.8224043715846995
0707,Baldassare Galuppi,738,519,1,0.7032520325203252
0708,Baldassare Galuppi,86,30,0,0.3488372093023256
0709,Davide Perez,490,315,5,0.6428571428571429
0710,Davide Perez,904,727,10,0.8042035398230089
0711,Davide Perez,437,263,21,0.6018306636155606
0712,Davide Perez,379,243,2,0.6411609498680739
0713,Davide Perez,292,185,14,0.6335616438356164
0714,Davide Perez,445,387,4,0.8696629213483146
0715,Davide Perez,704,586,5,0.8323863636363636
0716,Davide Perez,352,218,2,0.6193181818181818
0717,Davide Perez,682,549,28,0.8049853372434017
0718,Davide Perez,524,375,0,0.7156488549618321
0719,Davide Perez,698,593,14,0.8495702005730659
0720,Johann Adolph Hasse,398,250,5,0.628140703517588
0721,Johann Adolph Hasse,275,186,1,0.6763636363636364
0722,Johann Adolph Hasse,523,392,1,0.7495219885277247
0723,Johann Adolph Hasse,370,168,2,0.4540540540540541
0724,Johann Adolph Hasse,228,152,1,0.6666666666666666
0725,Johann Adolph Hasse,162,32,2,0.19753086419753085
0726,Johann Adolph Hasse,353,164,3,0.46458923512747874
0727,Johann Adolph Hasse,264,214,0,0.8106060606060606
0728,Johann Adolph Hasse,425,392,0,0.9223529411764706
0729,Johann Adolph Hasse,500,222,4,0.444
0730,Johann Adolph Hasse,276,189,14,0.6847826086956522
0731,Johann Adolph Hasse,540,418,2,0.774074074074074
0732,Johann Adolph Hasse,455,238,8,0.5230769230769231
0733,Johann Adolph Hasse,459,204,0,0.4444444444444444
0734,Johann Adolph Hasse,506,349,6,0.6897233201581028
0735,Johann Adolph Hasse,378,227,2,0.6005291005291006
0736,Johann Adolph Hasse,479,278,47,0.5803757828810021
0737,Johann Adolph Hasse,376,216,0,0.574468085106383
0738,Johann Adolph Hasse,361,146,0,0.40443213296398894
0739,Johann Adolph Hasse,452,304,5,0.672566371681416
0740,Johann Adolph Hasse,526,422,0,0.8022813688212928
0741,Johann Adolph Hasse,399,231,0,0.5789473684210527
0742,Johann Adolph Hasse,382,162,7,0.42408376963350786
0743,Johann Adolph Hasse,167,36,196,0.2155688622754491
0744,Johann Adolph Hasse,557,389,2,0.6983842010771992
0745,Johann Adolph Hasse,348,160,5,0.45977011494252873
0746,Johann Adolph Hasse,1126,462,0,0.4103019538188277
0747,Johann Adolph Hasse,462,280,0,0.6060606060606061
0767,Baldassare Galuppi,655,572,0,0.8732824427480916
0768,Baldassare Galuppi,308,200,0,0.6493506493506493
0769,Baldassare Galuppi,972,855,0,0.8796296296296297
0770,Baldassare Galuppi,407,373,0,0.9164619164619164
0771,Baldassare Galuppi,365,286,1,0.7835616438356164
0772,Baldassare Galuppi,246,246,0,1.0
0773,Baldassare Galuppi,454,410,1,0.9030837004405287
0774,Baldassare Galuppi,192,192,0,1.0
0775,Davide Perez,651,522,1,0.8018433179723502
0776,Davide Perez,345,227,2,0.6579710144927536
0777,Davide Perez,647,515,0,0.7959814528593508
0778,Davide Perez,378,265,0,0.701058201058201
0779,Davide Perez,719,546,13,0.7593880389429764
0780,Davide Perez,259,190,0,0.7335907335907336
0781,Davide Perez,315,256,1,0.8126984126984127
0782,Davide Perez,380,291,17,0.7657894736842106
0783,Davide Perez,324,192,3,0.5925925925925926
0784,Davide Perez,848,550,0,0.6485849056603774
0785,Davide Perez,830,558,0,0.672289156626506
0786,Davide Perez,464,340,5,0.7327586206896551
0787,Davide Perez,354,194,0,0.5480225988700564
0788,Davide Perez,392,299,1,0.7627551020408163
0789,Davide Perez,288,238,0,0.8263888888888888
0790,Davide Perez,789,687,0,0.870722433460076
0791,Davide Perez,505,429,0,0.8495049504950495
0792,Davide Perez,357,265,0,0.742296918767507
0793,Davide Perez,440,331,2,0.7522727272727273
0794,Davide Perez,518,418,4,0.806949806949807
0795,Davide Perez,1038,734,0,0.7071290944123314
0796,Davide Perez,356,351,2,0.9859550561797753
0797,Davide Perez,429,299,9,0.696969696969697
0798,Baldassare Galuppi,788,512,0,0.649746192893401
0808,Johann Adolph Hasse,217,170,51,0.783410138248848
0809,Baldassare Galuppi,698,612,0,0.8767908309455588
0831,Baldassare Galuppi,453,408,0,0.9006622516556292
0832,Baldassare Galuppi,427,319,0,0.747072599531616
0833,Johann Christian Bach,393,377,3,0.9592875318066157
0834,Johann Christian Bach,816,633,0,0.7757352941176471
0835,Johann Christian Bach,393,296,0,0.7531806615776081
0836,Johann Christian Bach,135,77,20,0.5703703703703704
0837,Johann Christian Bach,651,641,27,0.9846390168970814
0838,Johann Christian Bach,373,296,12,0.7935656836461126
0839,Johann Christian Bach,343,225,9,0.6559766763848397
0840,Johann Christian Bach,432,432,0,1.0
0841,Johann Christian Bach,513,513,0,1.0
0842,Johann Christian Bach,826,754,72,0.9128329297820823
0843,Johann Christian Bach,274,215,7,0.7846715328467153
0844,Johann Christian Bach,353,247,7,0.6997167138810199
0845,Johann Christian Bach,745,621,27,0.8335570469798658
0846,Johann Christian Bach,389,375,24,0.9640102827763496
0847,Johann Christian Bach,298,268,40,0.8993288590604027
0848,Johann Christian Bach,410,401,18,0.9780487804878049
0849,Johann Christian Bach,388,357,18,0.9201030927835051
0850,Johann Christian Bach,328,296,0,0.9024390243902439
0851,Johann Christian Bach,505,505,0,1.0
0852,Johann Christian Bach,387,328,2,0.8475452196382429
0853,Johann Christian Bach,292,218,0,0.7465753424657534
0854,Johann Christian Bach,157,157,13,1.0
0855,Johann Adolph Hasse,469,304,0,0.6481876332622601
0856,Johann Adolph Hasse,342,144,0,0.42105263157894735
0857,Johann Adolph Hasse,254,158,4,0.6220472440944882
0858,Johann Adolph Hasse,397,201,12,0.5062972292191436
0859,Johann Adolph Hasse,380,232,4,0.6105263157894737
0860,Johann Adolph Hasse,428,232,5,0.5420560747663551
0861,Johann Adolph Hasse,332,132,0,0.39759036144578314
0862,Johann Adolph Hasse,427,288,3,0.6744730679156908
0863,Johann Adolph Hasse,245,90,2,0.3673469387755102
0864,Johann Adolph Hasse,503,445,2,0.8846918489065606
0865,Johann Adolph Hasse,341,225,2,0.6598240469208211
0866,Johann Adolph Hasse,390,322,0,0.8256410256410256
0867,Johann Adolph Hasse,228,147,33,0.6447368421052632
0868,Johann Adolph Hasse,264,217,0,0.821969696969697
0869,Johann Adolph Hasse,463,292,112,0.6306695464362851
0886,Johann Adolph Hasse,813,414,0,0.5092250922509225
0887,Johann Adolph Hasse,371,287,3,0.7735849056603774
0888,Johann Adolph Hasse,1388,402,0,0.2896253602305475
0889,Johann Adolph Hasse,457,335,3,0.7330415754923414
0890,Johann Adolph Hasse,328,159,9,0.4847560975609756
1053,Davide Perez,822,509,0,0.6192214111922141
1054,Davide Perez,527,408,38,0.7741935483870968
1055,Davide Perez,627,466,0,0.7432216905901117
1056,Davide Perez,476,320,3,0.6722689075630253
1057,Davide Perez,890,627,0,0.7044943820224719
1058,Davide Perez,69,33,1,0.4782608695652174
1059,Davide Perez,537,321,0,0.5977653631284916
1060,Davide Perez,329,308,0,0.9361702127659575
1061,Davide Perez,409,289,0,0.706601466992665
1062,Davide Perez,475,420,0,0.8842105263157894
1063,Davide Perez,421,338,0,0.8028503562945368
1064,Davide Perez,372,240,0,0.6451612903225806
1065,Davide Perez,548,471,0,0.8594890510948905
1066,Davide Perez,401,341,1,0.8503740648379052
1067,Davide Perez,493,471,2,0.9553752535496958
1068,Davide Perez,1095,698,10,0.6374429223744292
1069,Davide Perez,352,293,9,0.8323863636363636
1070,Davide Perez,462,398,6,0.8614718614718615
1071,Davide Perez,107,96,0,0.897196261682243
1144,Baldassare Galuppi,774,359,0,0.46382428940568476
1145,Baldassare Galuppi,520,235,42,0.4519230769230769
1146,Baldassare Galuppi,561,346,0,0.6167557932263814
1147,Baldassare Galuppi,292,122,2,0.4178082191780822
1148,Baldassare Galuppi,356,283,0,0.7949438202247191
1159,Baldassare Galuppi,149,65,0,0.436241610738255
1161,Baldassare Galuppi,471,392,0,0.832271762208068
1162,Baldassare Galuppi,294,156,1,0.5306122448979592
1165,Baldassare Galuppi,492,335,43,0.6808943089430894
1166,Baldassare Galuppi,517,242,1,0.46808510638297873
1167,Baldassare Galuppi,573,514,0,0.8970331588132635
1168,Baldassare Galuppi,690,579,0,0.8391304347826087
1207,Baldassare Galuppi,638,439,1,0.6880877742946708
1208,Baldassare Galuppi,755,663,43,0.8781456953642384
1209,Baldassare Galuppi,318,220,1,0.6918238993710691
1210,Baldassare Galuppi,511,454,2,0.8884540117416829
1211,Baldassare Galuppi,381,268,0,0.7034120734908137
1212,Baldassare Galuppi,595,412,35,0.692436974789916
1213,Baldassare Galuppi,367,308,2,0.8392370572207084
1214,Baldassare Galuppi,195,143,28,0.7333333333333333
1215,Baldassare Galuppi,767,547,0,0.7131681877444589
1226,Baldassare Galuppi,646,511,50,0.7910216718266254
1227,Baldassare Galuppi,770,681,0,0.8844155844155844
1228,Baldassare Galuppi,208,122,11,0.5865384615384616
1229,Baldassare Galuppi,352,261,2,0.7414772727272727
1230,Baldassare Galuppi,238,133,7,0.5588235294117647
1231,Baldassare Galuppi,591,492,0,0.8324873096446701
1238,Baldassare Galuppi,618,408,0,0.6601941747572816
1239,NA,466,326,4,0.6995708154506438
1240,Baldassare Galuppi,386,246,40,0.6373056994818653
1241,NA,509,509,0,1.0
1242,NA,362,362,0,1.0
1243,Baldassare Galuppi,170,122,112,0.7176470588235294
1261,Baldassare Galuppi,823,688,0,0.8359659781287971
1262,Baldassare Galuppi,307,225,0,0.7328990228013029
1263,Baldassare Galuppi,832,451,0,0.5420673076923077
1266,Baldassare Galuppi,399,212,2,0.531328320802005
1267,Baldassare Galuppi,383,280,6,0.7310704960835509
1268,Baldassare Galuppi,638,415,8,0.6504702194357367
1274,Baldassare Galuppi,197,122,6,0.6192893401015228
1275,Baldassare Galuppi,503,337,3,0.6699801192842942
1276,Baldassare Galuppi,387,213,17,0.5503875968992248
1277,Baldassare Galuppi,573,462,1,0.806282722513089
1278,Baldassare Galuppi,575,432,1,0.7513043478260869
1279,Baldassare Galuppi,325,221,1,0.68
1280,Baldassare Galuppi,656,393,6,0.5990853658536586
1281,Baldassare Galuppi,305,212,1,0.6950819672131148
1282,Baldassare Galuppi,446,346,4,0.7757847533632287
1283,Baldassare Galuppi,261,110,0,0.421455938697318
1284,Baldassare Galuppi,979,375,0,0.3830439223697651
1285,Baldassare Galuppi,712,443,4,0.6221910112359551
1341,Davide Perez,263,175,3,0.6653992395437263
1342,Davide Perez,483,406,16,0.8405797101449275
1343,Davide Perez,421,265,1,0.6294536817102138
1344,Davide Perez,317,277,0,0.8738170347003155
1349,Davide Perez,441,432,2,0.9795918367346939
1350,Davide Perez,65,50,0,0.7692307692307693
1351,Davide Perez,388,322,0,0.8298969072164949
1368,Davide Perez,556,348,0,0.6258992805755396
1369,Davide Perez,738,507,0,0.6869918699186992
1370,Davide Perez,309,236,1,0.7637540453074434
1371,Davide Perez,288,240,0,0.8333333333333334
1372,Davide Perez,309,255,0,0.8252427184466019
1373,Davide Perez,269,218,0,0.8104089219330854
1374,Davide Perez,489,460,1,0.9406952965235174
1375,Davide Perez,477,452,0,0.9475890985324947
1376,Davide Perez,374,314,0,0.839572192513369
1377,Davide Perez,421,315,1,0.7482185273159145
1378,Davide Perez,522,358,0,0.685823754789272
1379,Davide Perez,700,480,1,0.6857142857142857
1380,Davide Perez,305,290,0,0.9508196721311475
1381,Davide Perez,522,498,0,0.9540229885057471
1382,Davide Perez,694,416,0,0.5994236311239193
1383,Davide Perez,256,177,18,0.69140625
1384,Davide Perez,390,351,0,0.9
1385,Davide Perez,204,146,1,0.7156862745098039
1536,Gennaro Manna,361,264,0,0.7313019390581718
1537,Gennaro Manna,274,250,0,0.9124087591240876
1538,Gennaro Manna,343,244,0,0.7113702623906706
1539,Gennaro Manna,81,73,0,0.9012345679012346
1540,Gennaro Manna,332,270,0,0.8132530120481928
1541,Gennaro Manna,451,393,0,0.8713968957871396
1542,Gennaro Manna,386,314,0,0.8134715025906736
1543,Gennaro Manna,333,224,0,0.6726726726726727
1544,Gennaro Manna,924,672,0,0.7272727272727273
1545,Gennaro Manna,339,269,2,0.7935103244837758
1546,Gennaro Manna,264,175,0,0.6628787878787878
1549,Gennaro Manna,504,331,14,0.6567460317460317
1570,Gennaro Manna,847,847,0,1.0
1573,Gennaro Manna,529,403,0,0.7618147448015122
1574,Gennaro Manna,403,356,0,0.8833746898263027
1577,Gennaro Manna,260,224,0,0.8615384615384616
1582,Gennaro Manna,530,399,34,0.7528301886792453
1583,Gennaro Manna,306,235,6,0.7679738562091504
1586,Gennaro Manna,529,374,0,0.7069943289224953
1588,Gennaro Manna,728,605,1,0.8310439560439561
1714,Baldassare Galuppi,271,144,5,0.5313653136531366
1716,Baldassare Galuppi,256,211,0,0.82421875
1721,Davide Perez,291,189,4,0.6494845360824743
1722,Davide Perez,368,192,0,0.5217391304347826
1933,Davide Perez,703,581,0,0.8264580369843528
1934,Davide Perez,275,195,0,0.7090909090909091
1935,Davide Perez,436,165,1,0.37844036697247707
1936,Davide Perez,675,461,0,0.682962962962963
1937,Davide Perez,201,201,0,1.0
1938,Davide Perez,371,281,0,0.7574123989218329
1939,Davide Perez,1276,812,0,0.6363636363636364
1940,Davide Perez,429,274,0,0.6386946386946387
1941,Davide Perez,227,177,1,0.7797356828193832
1942,Davide Perez,875,734,0,0.8388571428571429
1943,Davide Perez,416,275,0,0.6610576923076923
1944,Davide Perez,450,368,0,0.8177777777777778
1945,Davide Perez,464,348,0,0.75
1947,Davide Perez,619,316,0,0.5105008077544426
1956,Davide Perez,372,265,27,0.7123655913978495
1961,Davide Perez,1201,993,0,0.8268109908409659
1963,Davide Perez,114,56,1,0.49122807017543857
1965,Davide Perez,947,661,0,0.6979936642027456
1968,Davide Perez,544,338,0,0.6213235294117647
1978,Davide Perez,247,151,0,0.611336032388664
1981,Davide Perez,336,252,14,0.75
1985,Davide Perez,885,696,3,0.7864406779661017
1989,Davide Perez,391,391,0,1.0
1994,Davide Perez,323,323,0,1.0
2001,Johann Adolph Hasse,255,191,0,0.7490196078431373
2003,Johann Adolph Hasse,366,137,11,0.3743169398907104
2004,Johann Adolph Hasse,307,265,1,0.8631921824104235
2005,Johann Adolph Hasse,258,92,0,0.35658914728682173
2006,Johann Adolph Hasse,330,192,13,0.5818181818181818
2008,Johann Adolph Hasse,540,263,1,0.48703703703703705
2009,Baldassare Galuppi,586,394,0,0.6723549488054608
2011,Johann Adolph Hasse,435,256,7,0.5885057471264368
2013,Baldassare Galuppi,313,220,9,0.7028753993610224
2014,Baldassare Galuppi,342,142,0,0.4152046783625731
2015,Johann Adolph Hasse,430,227,8,0.5279069767441861
2016,Johann Adolph Hasse,380,221,6,0.5815789473684211
2017,Baldassare Galuppi,600,521,0,0.8683333333333333
2018,Baldassare Galuppi,599,535,0,0.8931552587646077
2019,Baldassare Galuppi,811,628,0,0.7743526510480888
2020,Baldassare Galuppi,415,265,2,0.6385542168674698
2021,Baldassare Galuppi,352,249,0,0.7073863636363636
2022,Johann Adolph Hasse,529,294,1,0.555765595463138
2023,Baldassare Galuppi,635,409,3,0.6440944881889764
2024,Baldassare Galuppi,811,182,32,0.22441430332922319
2026,Baldassare Galuppi,462,321,0,0.6948051948051948
2027,Johann Adolph Hasse,515,401,9,0.7786407766990291
2030,Baldassare Galuppi,317,230,43,0.7255520504731862
2031,Baldassare Galuppi,346,228,7,0.6589595375722543
2035,Baldassare Galuppi,408,253,0,0.6200980392156863
2038,Baldassare Galuppi,485,331,0,0.6824742268041237
2039,Johann Adolph Hasse,310,176,0,0.567741935483871
2042,Johann Adolph Hasse,612,316,0,0.5163398692810458
2043,Baldassare Galuppi,133,52,0,0.39097744360902253
2046,Johann Adolph Hasse,429,242,0,0.5641025641025641
2047,Johann Adolph Hasse,362,236,0,0.6519337016574586
2048,Johann Adolph Hasse,179,94,1,0.5251396648044693
2050,Baldassare Galuppi,435,364,2,0.8367816091954023
2054,Baldassare Galuppi,271,182,3,0.6715867158671587
2055,Johann Adolph Hasse,479,223,3,0.46555323590814196
2059,Johann Adolph Hasse,359,241,0,0.6713091922005571
2063,Johann Adolph Hasse,388,234,0,0.6030927835051546
2066,Johann Adolph Hasse,463,348,0,0.7516198704103672
2069,Johann Adolph Hasse,1187,582,4,0.4903117101937658
2071,Johann Adolph Hasse,360,235,4,0.6527777777777778
2075,Johann Adolph Hasse,201,195,0,0.9701492537313433
2076,Johann Adolph Hasse,685,187,0,0.272992700729927
2078,Johann Adolph Hasse,253,89,13,0.35177865612648224
2080,Johann Adolph Hasse,194,124,1,0.6391752577319587
2082,Johann Adolph Hasse,404,237,32,0.5866336633663366
2088,Johann Adolph Hasse,259,140,2,0.5405405405405406
2089,Johann Adolph Hasse,355,150,1,0.4225352112676056
2093,Johann Adolph Hasse,405,279,0,0.6888888888888889
2095,Johann Adolph Hasse,672,410,1,0.6101190476190477
2105,Johann Adolph Hasse,393,307,2,0.7811704834605598
2108,Johann Adolph Hasse,487,177,4,0.36344969199178645
2109,Johann Adolph Hasse,353,222,2,0.6288951841359773
2116,Johann Adolph Hasse,270,210,6,0.7777777777777778
2118,Johann Adolph Hasse,369,266,18,0.7208672086720868
2121,Johann Adolph Hasse,410,249,2,0.6073170731707317
2127,Johann Adolph Hasse,374,247,4,0.660427807486631
2128,Johann Adolph Hasse,330,157,14,0.47575757575757577
2129,Johann Adolph Hasse,238,163,4,0.6848739495798319
2130,Johann Adolph Hasse,211,138,3,0.6540284360189573
2133,Johann Adolph Hasse,327,184,5,0.5626911314984709
2134,Johann Adolph Hasse,519,383,27,0.7379576107899807
2138,Johann Adolph Hasse,345,155,10,0.4492753623188406
2140,Johann Adolph Hasse,415,240,25,0.5783132530120482
2142,Johann Adolph Hasse,458,380,0,0.8296943231441049
2146,Johann Adolph Hasse,393,183,33,0.46564885496183206
2147,Johann Adolph Hasse,502,370,7,0.7370517928286853
2149,Johann Adolph Hasse,353,174,3,0.49291784702549574
2159,Johann Adolph Hasse,419,222,60,0.5298329355608592
2161,Johann Adolph Hasse,708,622,5,0.8785310734463276
2162,Johann Adolph Hasse,494,281,17,0.5688259109311741
2163,Johann Adolph Hasse,257,93,0,0.36186770428015563
2165,Johann Adolph Hasse,266,107,0,0.40225563909774437
2167,Johann Adolph Hasse,328,176,0,0.5365853658536586
2240,Johann Adolph Hasse,244,98,5,0.4016393442622951
2244,Gioacchino Cocchi,291,156,0,0.5360824742268041
2248,Gioacchino Cocchi,651,602,0,0.9247311827956989
2249,Gioacchino Cocchi,326,225,4,0.6901840490797546
2251,Gioacchino Cocchi,605,452,0,0.7471074380165289
2252,Gioacchino Cocchi,416,232,9,0.5576923076923077
2253,Gioacchino Cocchi,604,491,2,0.8129139072847682
2259,Gioacchino Cocchi,249,149,0,0.5983935742971888
2261,Gioacchino Cocchi,319,171,25,0.5360501567398119
2265,Gioacchino Cocchi,411,238,12,0.5790754257907542
2268,Gioacchino Cocchi,466,358,0,0.7682403433476395
2270,Johann Christian Bach,338,205,9,0.606508875739645
2273,Gioacchino Cocchi,544,437,21,0.8033088235294118
2275,Gioacchino Cocchi,243,131,4,0.5390946502057613
2277,Gioacchino Cocchi,315,202,15,0.6412698412698413
2278,Gioacchino Cocchi,229,123,2,0.537117903930131
2280,Gioacchino Cocchi,329,329,0,1.0
2282,Johann Adolph Hasse,349,187,0,0.5358166189111748
2284,Johann Adolph Hasse,407,201,0,0.49385749385749383
2287,Johann Adolph Hasse,94,58,0,0.6170212765957447
2288,Johann Adolph Hasse,386,231,4,0.5984455958549223
2289,Johann Adolph Hasse,299,139,4,0.46488294314381273
2294,Johann Adolph Hasse,341,141,2,0.41348973607038125
2295,Johann Adolph Hasse,335,146,0,0.43582089552238806
2298,Johann Adolph Hasse,348,190,0,0.5459770114942529
2299,Johann Adolph Hasse,240,89,0,0.37083333333333335
2300,Johann Adolph Hasse,66,66,0,1.0
2301,Johann Adolph Hasse,213,103,0,0.4835680751173709
2303,Johann Adolph Hasse,329,140,6,0.425531914893617
2304,Johann Adolph Hasse,355,268,0,0.7549295774647887
2309,Johann Adolph Hasse,234,141,0,0.6025641025641025
2311,Johann Adolph Hasse,535,132,0,0.2467289719626168
2313,Johann Adolph Hasse,395,244,3,0.6177215189873417
2314,Johann Adolph Hasse,481,205,5,0.4261954261954262
2315,Johann Adolph Hasse,503,371,5,0.7375745526838966
2319,Johann Adolph Hasse,272,135,0,0.4963235294117647
2320,Johann Adolph Hasse,583,193,0,0.33104631217838765
2323,Johann Christian Bach,529,319,0,0.6030245746691871
2330,Johann Adolph Hasse,270,110,1,0.4074074074074074
2331,Johann Adolph Hasse,569,218,1,0.38312829525483305
2332,Johann Christian Bach,312,253,2,0.8108974358974359
2353,Johann Christian Bach,300,204,0,0.68
2354,Johann Christian Bach,400,207,20,0.5175
2355,Johann Christian Bach,695,614,0,0.883453237410072
2356,Johann Christian Bach,540,349,2,0.6462962962962963
2359,Baldassare Galuppi,596,372,1,0.6241610738255033
2361,Baldassare Galuppi,582,413,1,0.7096219931271478
2362,Baldassare Galuppi,474,346,13,0.729957805907173
2368,Johann Christian Bach,661,596,0,0.9016641452344932
2370,Baldassare Galuppi,326,226,0,0.6932515337423313
2379,Johann Christian Bach,494,410,2,0.8299595141700404
2380,Johann Christian Bach,766,629,22,0.8211488250652742
2388,Johann Christian Bach,401,273,2,0.6807980049875312
2390,Johann Christian Bach,435,415,0,0.9540229885057471
2392,Johann Christian Bach,369,270,0,0.7317073170731707
2426,Baldassare Galuppi,557,331,11,0.5942549371633752
2488,Baldassare Galuppi,555,479,0,0.863063063063063
2496,Baldassare Galuppi,298,168,1,0.5637583892617449
2528,Baldassare Galuppi,919,502,1,0.5462459194776932
2529,Baldassare Galuppi,479,207,16,0.4321503131524008
2530,Baldassare Galuppi,520,273,2,0.525
2531,Baldassare Galuppi,341,94,0,0.2756598240469208
2589,Johann Christian Bach,353,257,38,0.7280453257790368
2591,Johann Christian Bach,852,688,44,0.8075117370892019
2593,Johann Christian Bach,588,513,0,0.8724489795918368
2614,Johann Adolph Hasse,456,261,9,0.5723684210526315
2723,Johann Adolph Hasse,340,172,12,0.5058823529411764
2724,Johann Adolph Hasse,761,552,5,0.7253613666228647
2725,Johann Adolph Hasse,284,186,13,0.6549295774647887
2726,Johann Adolph Hasse,295,203,22,0.688135593220339
2727,Johann Adolph Hasse,459,231,4,0.5032679738562091
2728,Johann Adolph Hasse,364,268,2,0.7362637362637363
2729,Johann Adolph Hasse,458,202,6,0.4410480349344978
2730,Johann Adolph Hasse,351,147,4,0.4188034188034188
2731,Johann Adolph Hasse,378,284,1,0.7513227513227513
2732,Johann Adolph Hasse,454,252,1,0.5550660792951542
2733,Johann Adolph Hasse,377,199,17,0.5278514588859416
2734,Johann Adolph Hasse,399,283,0,0.7092731829573935
2735,Johann Adolph Hasse,348,199,2,0.5718390804597702
2736,Johann Adolph Hasse,441,168,0,0.38095238095238093
2737,Johann Adolph Hasse,247,146,0,0.5910931174089069
2738,Johann Adolph Hasse,437,189,0,0.43249427917620137
2739,Johann Adolph Hasse,249,224,0,0.8995983935742972
2758,Davide Perez,392,310,14,0.7908163265306123
2759,Davide Perez,736,507,10,0.688858695652174
2760,Davide Perez,396,215,6,0.5429292929292929
2761,Davide Perez,493,271,5,0.5496957403651116
2762,Davide Perez,526,448,3,0.8517110266159695
2763,Davide Perez,351,199,8,0.5669515669515669
2764,Davide Perez,454,356,4,0.7841409691629956
2765,Davide Perez,524,383,15,0.7309160305343512
2766,Davide Perez,613,330,16,0.5383360522022839
2767,Davide Perez,600,356,10,0.5933333333333334
2768,Davide Perez,1064,855,1,0.8035714285714286
2769,Davide Perez,1083,837,0,0.7728531855955678
2770,Davide Perez,416,243,0,0.5841346153846154
2771,Davide Perez,828,517,0,0.6243961352657005
2772,Davide Perez,401,206,0,0.513715710723192
2773,Davide Perez,677,498,1,0.7355982274741507
2774,Davide Perez,316,197,14,0.6234177215189873
2775,Davide Perez,1029,719,0,0.6987366375121478
2776,Davide Perez,950,603,26,0.6347368421052632
2777,Davide Perez,515,351,9,0.6815533980582524
2778,Davide Perez,473,344,2,0.7272727272727273
2797,Johann Adolph Hasse,308,280,0,0.9090909090909091
